"timestamp","brentoilprice","fuelprice","date_column","exchange_column"
"1535403600000","408.77304","6.31","2018-08-28","6.2753"
"1535490000000","422.6002","6.31","2018-08-29","6.4687"
"1535576400000","434.5858","6.31","2018-08-30","6.6542"
"1535662800000","423.04672","6.31","2018-08-31","6.5396"
"1535922000000","431.00818","6.31","2018-09-03","6.636"
"1536008400000","433.42786","6.3","2018-09-04","6.6712"
"1536094800000","425.3749","6.3","2018-09-05","6.6011"
"1536181200000","421.15475","6.3","2018-09-06","6.5826"
"1536267600000","411.13092","6.3","2018-09-07","6.4089"
"1536526800000","415.13736","6.32","2018-09-10","6.4643"
"1536613200000","416.4327","6.32","2018-09-11","6.4304"
"1536699600000","415.32404","6.32","2018-09-12","6.3447"
"1536786000000","393.0861","6.32","2018-09-13","6.0821"
"1536872400000","399.01093","6.32","2018-09-14","6.169"
"1537131600000","411.6141","6.32","2018-09-17","6.3131"
"1537218000000","417.61017","6.32","2018-09-18","6.3845"
"1537304400000","408.75656","6.32","2018-09-19","6.2501"
"1537390800000","403.13046","6.32","2018-09-20","6.2001"
"1537477200000","407.95187","6.32","2018-09-21","6.2907"
"1537736400000","403.8829","6.32","2018-09-24","6.153"
"1537822800000","406.23428","6.32","2018-09-25","6.1616"
"1537909200000","402.28238","6.32","2018-09-26","6.11"
"1537995600000","398.97034","6.32","2018-09-27","6.0104"
"1538082000000","404.413","6.32","2018-09-28","6.0559"
"1538341200000","402.77106","6.32","2018-10-01","5.9397"
"1538427600000","406.14886","6.32","2018-10-02","5.9851"
"1538514000000","416.597","6.32","2018-10-03","6.0464"
"1538600400000","418.85736","6.32","2018-10-04","6.1642"
"1538686800000","418.76123","6.32","2018-10-05","6.133"
"1538946000000","416.97403","6.32","2018-10-08","6.1113"
"1539032400000","418.80618","6.32","2018-10-09","6.1006"
"1539118800000","408.66504","6.32","2018-10-10","6.0759"
"1539205200000","389.13416","6.32","2018-10-11","5.9256"
"1539291600000","384.45966","6.32","2018-10-12","5.8732"
"1539550800000","376.1745","6.32","2018-10-15","5.7873"
"1539637200000","368.4902","6.34","2018-10-16","5.6857"
"1539723600000","358.93066","6.34","2018-10-17","5.5856"
"1539810000000","359.48425","6.34","2018-10-18","5.6372"
"1539896400000","362.31503","6.34","2018-10-19","5.6409"
"1540155600000","370.40802","6.34","2018-10-22","5.6698"
"1540242000000","371.03357","6.36","2018-10-23","5.74"
"1540328400000","367.82416","6.36","2018-10-24","5.7027"
"1540414800000","364.18356","6.36","2018-10-25","5.6349"
"1540501200000","367.83514","6.36","2018-10-26","5.5936"
"1540760400000","367.75552","6.36","2018-10-29","5.5611"
"1540846800000","355.48242","6.36","2018-10-30","5.4757"
"1540933200000","360.26453","6.36","2018-10-31","5.5829"
"1541019600000","348.17865","6.36","2018-11-01","5.5109"
"1541106000000","346.0381","6.36","2018-11-02","5.4289"
"1541365200000","341.77405","6.36","2018-11-05","5.312"
"1541451600000","348.26508","6.36","2018-11-06","5.3571"
"1541538000000","361.65982","6.39","2018-11-07","5.3611"
"1541624400000","366.7263","6.39","2018-11-08","5.4613"
"1541710800000","363.8673","6.39","2018-11-09","5.4561"
"1541970000000","362.85452","6.39","2018-11-12","5.4655"
"1542056400000","354.333","6.39","2018-11-13","5.4774"
"1542142800000","357.43777","6.39","2018-11-14","5.4604"
"1542229200000","342.81067","6.39","2018-11-15","5.3514"
"1542315600000","341.312","6.39","2018-11-16","5.333"
"1542574800000","341.43436","6.39","2018-11-19","5.3125"
"1542661200000","331.82877","6.39","2018-11-20","5.3781"
"1542747600000","333.839","6.39","2018-11-21","5.3083"
"1542834000000","335.7266","6.39","2018-11-22","5.3029"
"1542920400000","328.03354","6.26","2018-11-23","5.2866"
"1543179600000","325.87936","6.29","2018-11-26","5.2485"
"1543266000000","329.96356","6.09","2018-11-27","5.2693"
"1543352400000","326.68207","6.09","2018-11-28","5.2219"
"1543438800000","325.9643","6.04","2018-11-29","5.1642"
"1543525200000","321.52325","6.04","2018-11-30","5.2153"
"1543784400000","331.08392","6.04","2018-12-03","5.2503"
"1543870800000","340.49","6.04","2018-12-04","5.3875"
"1543957200000","334.0091","5.96","2018-12-05","5.3254"
"1544043600000","331.275","5.96","2018-12-06","5.3397"
"1544130000000","326.81772","5.96","2018-12-07","5.3029"
"1544389200000","320.4293","5.96","2018-12-10","5.3254"
"1544475600000","323.94473","5.96","2018-12-11","5.3651"
"1544562000000","322.86215","5.96","2018-12-12","5.3454"
"1544648400000","326.1733","5.96","2018-12-13","5.3401"
"1544734800000","324.24622","5.96","2018-12-14","5.3621"
"1544994000000","325.36386","5.96","2018-12-17","5.3717"
"1545080400000","316.23978","5.96","2018-12-18","5.3455"
"1545166800000","316.82263","5.96","2018-12-19","5.2839"
"1545253200000","310.9085","5.96","2018-12-20","5.2625"
"1545339600000","314.16373","5.96","2018-12-21","5.3149"
"1545598800000","305.84293","5.96","2018-12-24","5.285"
"1545771600000","320.33395","5.71","2018-12-26","5.2782"
"1545858000000","312.57855","5.71","2018-12-27","5.2854"
"1545944400000","311.072","5.71","2018-12-28","5.2733"
"1546203600000","315.51273","5.71","2018-12-31","5.2894"
"1546376400000","325.72827","5.71","2019-01-02","5.4009"
"1546462800000","331.80435","5.71","2019-01-03","5.4672"
"1546549200000","324.25717","5.71","2019-01-04","5.3323"
"1546808400000","327.40277","5.71","2019-01-07","5.3858"
"1546894800000","339.12598","5.71","2019-01-08","5.4857"
"1546981200000","345.55655","5.89","2019-01-09","5.4772"
"1547067600000","340.41055","5.89","2019-01-10","5.4171"
"1547154000000","338.20303","5.89","2019-01-11","5.4637"
"1547413200000","334.1527","5.89","2019-01-14","5.444"
"1547499600000","338.42834","6.09","2019-01-15","5.4471"
"1547586000000","332.89362","6.09","2019-01-16","5.3374"
"1547672400000","329.78647","6.09","2019-01-17","5.3476"
"1547758800000","326.5286","6.09","2019-01-18","5.3276"
"1548018000000","328.6582","6.09","2019-01-21","5.3224"
"1548104400000","328.75702","6.09","2019-01-22","5.3413"
"1548190800000","324.76324","6.09","2019-01-23","5.285"
"1548277200000","323.66415","6.09","2019-01-24","5.2654"
"1548363600000","324.97842","6.09","2019-01-25","5.2722"
"1548622800000","325.5801","6.09","2019-01-28","5.3269"
"1548709200000","327.59616","6.09","2019-01-29","5.3095"
"1548795600000","320.36285","6.09","2019-01-30","5.227"
"1548882000000","312.50992","6.09","2019-01-31","5.1646"
"1548968400000","322.05396","6.09","2019-02-01","5.2087"
"1549227600000","320.3146","6.09","2019-02-04","5.2177"
"1549314000000","316.66782","6.09","2019-02-05","5.1998"
"1549400400000","316.50082","6.09","2019-02-06","5.2159"
"1549486800000","317.69336","6.09","2019-02-07","5.2668"
"1549573200000","315.7885","6.09","2019-02-08","5.2474"
"1549832400000","316.98593","6.09","2019-02-11","5.2787"
"1549918800000","316.10147","6.09","2019-02-12","5.2526"
"1550005200000","320.65738","6.09","2019-02-13","5.2844"
"1550091600000","322.07483","6.09","2019-02-14","5.273"
"1550178000000","324.63666","6.09","2019-02-15","5.2838"
"1550437200000","326.42578","6.09","2019-02-18","5.2974"
"1550523600000","326.3652","6.09","2019-02-19","5.2827"
"1550610000000","328.0979","6.09","2019-02-20","5.3254"
"1550696400000","327.5524","6.09","2019-02-21","5.32"
"1550782800000","326.63153","6.09","2019-02-22","5.318"
"1551042000000","321.40875","6.09","2019-02-25","5.3029"
"1551128400000","320.93106","6.36","2019-02-26","5.3064"
"1551214800000","322.9302","6.36","2019-02-27","5.3131"
"1551301200000","323.5823","6.36","2019-02-28","5.337"
"1551387600000","322.77414","6.36","2019-03-01","5.3733"
"1551646800000","328.57745","6.36","2019-03-04","5.3777"
"1551733200000","329.3845","6.36","2019-03-05","5.3865"
"1551819600000","330.7762","6.36","2019-03-06","5.4279"
"1551906000000","332.58817","6.36","2019-03-07","5.4702"
"1551992400000","330.83038","6.36","2019-03-08","5.4395"
"1552251600000","331.6066","6.36","2019-03-11","5.4451"
"1552338000000","333.01553","6.36","2019-03-12","5.4548"
"1552424400000","335.8837","6.36","2019-03-13","5.4562"
"1552510800000","333.68738","6.36","2019-03-14","5.4667"
"1552597200000","332.29706","6.36","2019-03-15","5.4466"
"1552856400000","333.8092","6.36","2019-03-18","5.4678"
"1552942800000","333.96295","6.36","2019-03-19","5.4757"
"1553029200000","330.99008","6.36","2019-03-20","5.4234"
"1553115600000","333.55338","6.36","2019-03-21","5.4654"
"1553202000000","349.53192","6.36","2019-03-22","5.7593"
"1553461200000","337.29175","6.36","2019-03-25","5.5503"
"1553547600000","323.34418","6.36","2019-03-26","5.3278"
"1553634000000","322.33914","6.36","2019-03-27","5.3288"
"1553720400000","337.06537","6.36","2019-03-28","5.5603"
"1553806800000","337.3616","6.36","2019-03-29","5.5707"
"1554066000000","333.66415","6.36","2019-04-01","5.4888"
"1554152400000","339.41873","6.36","2019-04-02","5.6093"
"1554238800000","341.9316","6.36","2019-04-03","5.6248"
"1554325200000","339.38455","6.36","2019-04-04","5.5921"
"1554411600000","341.16064","6.36","2019-04-05","5.626"
"1554670800000","344.70493","6.36","2019-04-08","5.6882"
"1554757200000","346.2969","6.36","2019-04-09","5.6938"
"1554843600000","346.6809","6.43","2019-04-10","5.6805"
"1554930000000","349.80814","6.43","2019-04-11","5.7355"
"1555016400000","355.0419","6.43","2019-04-12","5.7815"
"1555275600000","359.68008","6.43","2019-04-15","5.8041"
"1555362000000","357.4515","6.43","2019-04-16","5.77"
"1555448400000","354.65063","6.43","2019-04-17","5.7424"
"1555534800000","357.40106","6.43","2019-04-18","5.7982"
"1555880400000","359.8535","6.43","2019-04-22","5.8257"
"1555966800000","361.4774","6.46","2019-04-23","5.8284"
"1556053200000","363.91586","6.46","2019-04-24","5.8734"
"1556139600000","365.04623","6.46","2019-04-25","5.928"
"1556226000000","363.58374","6.46","2019-04-26","5.938"
"1556485200000","363.3939","6.46","2019-04-29","5.9485"
"1556571600000","363.9321","6.46","2019-04-30","5.9661"
"1556658000000","365.8351","6.46","2019-05-01","5.966"
"1556744400000","359.87378","6.46","2019-05-02","5.9641"
"1556830800000","358.68698","6.46","2019-05-03","5.9642"
"1557090000000","369.1957","6.46","2019-05-06","6.0813"
"1557176400000","368.09546","6.46","2019-05-07","6.1503"
"1557262800000","373.56476","6.46","2019-05-08","6.1828"
"1557349200000","371.27634","6.46","2019-05-09","6.1931"
"1557435600000","357.28683","6.46","2019-05-10","5.9827"
"1557694800000","360.54727","6.49","2019-05-13","6.0586"
"1557781200000","360.82922","6.49","2019-05-14","6.0299"
"1557867600000","360.162","6.49","2019-05-15","5.9997"
"1557954000000","363.08673","6.49","2019-05-16","6.0454"
"1558040400000","361.74365","6.49","2019-05-17","6.0553"
"1558299600000","362.29514","6.49","2019-05-20","6.0262"
"1558386000000","363.94925","6.49","2019-05-21","6.0517"
"1558472400000","364.28006","6.49","2019-05-22","6.0998"
"1558558800000","356.7028","6.49","2019-05-23","6.0954"
"1558645200000","363.58792","6.49","2019-05-24","6.0821"
"1558904400000","368.64218","6.49","2019-05-27","6.0612"
"1558990800000","363.70547","6.49","2019-05-28","6.0316"
"1559077200000","363.67197","6.49","2019-05-29","6.0121"
"1559163600000","348.60583","6.49","2019-05-30","5.8767"
"1559250000000","339.77722","6.49","2019-05-31","5.8391"
"1559509200000","341.34735","6.49","2019-06-03","5.834"
"1559595600000","337.25824","6.48","2019-06-04","5.7819"
"1559682000000","326.91336","6.48","2019-06-05","5.7313"
"1559768400000","334.4481","6.48","2019-06-06","5.7793"
"1559854800000","343.24155","6.48","2019-06-07","5.8305"
"1560114000000","342.42938","6.27","2019-06-10","5.7755"
"1560200400000","346.34268","6.27","2019-06-11","5.7975"
"1560286800000","339.62885","6.27","2019-06-12","5.8086"
"1560373200000","346.84607","6.29","2019-06-13","5.8688"
"1560459600000","348.87204","6.29","2019-06-14","5.8951"
"1560718800000","345.9902","6.29","2019-06-17","5.8732"
"1560805200000","347.68652","6.29","2019-06-18","5.8278"
"1560891600000","343.37073","6.29","2019-06-19","5.7904"
"1560978000000","347.55716","6.29","2019-06-20","5.7638"
"1561064400000","350.60867","6.29","2019-06-21","5.8173"
"1561323600000","351.22186","6.29","2019-06-24","5.8082"
"1561410000000","352.06448","6.51","2019-06-25","5.7953"
"1561496400000","351.822","6.51","2019-06-26","5.7742"
"1561582800000","350.75836","6.51","2019-06-27","5.7719"
"1561669200000","349.07043","6.51","2019-06-28","5.7937"
"1561928400000","340.7877","6.51","2019-07-01","5.6506"
"1562014800000","334.97467","6.51","2019-07-02","5.6574"
"1562101200000","337.69336","6.51","2019-07-03","5.6226"
"1562187600000","334.4588","6.51","2019-07-04","5.5967"
"1562274000000","335.7102","6.51","2019-07-05","5.628"
"1562533200000","344.23602","6.51","2019-07-08","5.7344"
"1562619600000","347.65796","6.35","2019-07-09","5.7322"
"1562706000000","348.18423","6.35","2019-07-10","5.6763"
"1562792400000","344.12204","6.35","2019-07-11","5.6739"
"1562878800000","344.01575","6.35","2019-07-12","5.7212"
"1563138000000","341.73907","6.35","2019-07-15","5.7147"
"1563224400000","335.81686","6.35","2019-07-16","5.7102"
"1563310800000","334.65237","6.51","2019-07-17","5.6846"
"1563397200000","325.00128","6.57","2019-07-18","5.618"
"1563483600000","333.66052","6.57","2019-07-19","5.6591"
"1563742800000","335.26675","6.57","2019-07-22","5.6796"
"1563829200000","336.7902","6.43","2019-07-23","5.718"
"1563915600000","333.25375","6.43","2019-07-24","5.7064"
"1564002000000","333.63657","6.43","2019-07-25","5.6954"
"1564088400000","334.1948","6.43","2019-07-26","5.6672"
"1564347600000","326.96725","6.43","2019-07-29","5.6151"
"1564434000000","325.4063","6.43","2019-07-30","5.5587"
"1564520400000","327.48117","6.43","2019-07-31","5.5827"
"1564606800000","318.08304","6.43","2019-08-01","5.604"
"1564693200000","323.94354","6.43","2019-08-02","5.5584"
"1564952400000","323.90955","6.43","2019-08-05","5.5712"
"1565038800000","319.49716","6.43","2019-08-06","5.5219"
"1565125200000","315.31213","6.43","2019-08-07","5.4942"
"1565211600000","314.89023","6.43","2019-08-08","5.4754"
"1565298000000","319.10626","6.09","2019-08-09","5.4952"
"1565557200000","322.79083","6.09","2019-08-12","5.5644"
"1565643600000","331.53088","6.09","2019-08-13","5.5654"
"1565730000000","325.90625","6.09","2019-08-14","5.6123"
"1565816400000","319.1119","6.09","2019-08-15","5.5672"
"1565902800000","319.4321","6.09","2019-08-16","5.5796"
"1566162000000","324.33517","6.09","2019-08-19","5.6603"
"1566248400000","327.20563","6.27","2019-08-20","5.7314"
"1566334800000","327.27536","6.27","2019-08-21","5.7166"
"1566421200000","329.214","6.27","2019-08-22","5.7686"
"1566507600000","327.7042","6.27","2019-08-23","5.7593"
"1566766800000","331.29892","6.27","2019-08-26","5.8235"
"1566853200000","334.51572","6.38","2019-08-27","5.8278"
"1566939600000","334.13565","6.38","2019-08-28","5.8151"
"1567026000000","335.17108","6.38","2019-08-29","5.8382"
"1567112400000","329.4723","6.38","2019-08-30","5.8324"
"1567371600000","329.46082","6.38","2019-09-02","5.8065"
"1567458000000","325.06348","6.38","2019-09-03","5.729"
"1567544400000","325.9977","6.38","2019-09-04","5.6646"
"1567630800000","328.35416","6.38","2019-09-05","5.6917"
"1567717200000","329.628","6.38","2019-09-06","5.7118"
"1567976400000","332.93616","6.38","2019-09-09","5.7492"
"1568062800000","335.4271","6.38","2019-09-10","5.7693"
"1568149200000","330.53876","6.38","2019-09-11","5.7495"
"1568235600000","323.8016","6.38","2019-09-12","5.6579"
"1568322000000","322.24243","6.38","2019-09-13","5.6873"
"1568581200000","331.7947","6.38","2019-09-16","5.7285"
"1568667600000","329.05597","6.45","2019-09-17","5.7009"
"1568754000000","324.31558","6.57","2019-09-18","5.6768"
"1568840400000","325.79434","6.57","2019-09-19","5.7187"
"1568926800000","329.07388","6.57","2019-09-20","5.743"
"1569186000000","331.79813","6.57","2019-09-23","5.7177"
"1569272400000","327.4013","6.57","2019-09-24","5.6979"
"1569358800000","325.0439","6.57","2019-09-25","5.6697"
"1569445200000","325.6373","6.57","2019-09-26","5.6672"
"1569531600000","324.35925","6.57","2019-09-27","5.6726"
"1569790800000","319.98218","6.57","2019-09-30","5.6504"
"1569877200000","325.18655","6.57","2019-10-01","5.7231"
"1569963600000","324.10187","6.57","2019-10-02","5.701"
"1570050000000","320.7881","6.49","2019-10-03","5.6948"
"1570136400000","325.17926","6.49","2019-10-04","5.6989"
"1570395600000","331.39697","6.49","2019-10-07","5.8324"
"1570482000000","331.56348","6.49","2019-10-08","5.8302"
"1570568400000","333.48608","6.49","2019-10-09","5.8702"
"1570654800000","329.73965","6.49","2019-10-10","5.8361"
"1570741200000","335.1716","6.49","2019-10-11","5.8833"
"1571000400000","337.81393","6.49","2019-10-14","5.9276"
"1571086800000","334.00607","6.49","2019-10-15","5.9158"
"1571173200000","333.73404","6.49","2019-10-16","5.887"
"1571259600000","330.16254","6.49","2019-10-17","5.8312"
"1571346000000","326.8808","6.49","2019-10-18","5.7896"
"1571605200000","331.90863","6.49","2019-10-21","5.8579"
"1571691600000","329.0402","6.59","2019-10-22","5.8083"
"1571778000000","327.5487","6.59","2019-10-23","5.7354"
"1571864400000","330.19055","6.59","2019-10-24","5.7645"
"1571950800000","331.76254","6.59","2019-10-25","5.7738"
"1572210000000","327.77875","6.59","2019-10-28","5.7314"
"1572296400000","328.74728","6.59","2019-10-29","5.7373"
"1572382800000","322.05515","6.59","2019-10-30","5.7011"
"1572469200000","322.3613","6.59","2019-10-31","5.7136"
"1572555600000","329.79416","6.59","2019-11-01","5.7127"
"1572814800000","330.07278","6.59","2019-11-04","5.7384"
"1572901200000","332.66736","6.59","2019-11-05","5.7535"
"1572987600000","327.68112","6.59","2019-11-06","5.7498"
"1573074000000","327.8407","6.59","2019-11-07","5.7526"
"1573160400000","329.8843","6.59","2019-11-08","5.7662"
"1573419600000","329.3218","6.59","2019-11-11","5.7715"
"1573506000000","330.49643","6.59","2019-11-12","5.7769"
"1573592400000","329.33826","6.59","2019-11-13","5.7396"
"1573678800000","327.63602","6.59","2019-11-14","5.748"
"1573765200000","329.97546","6.59","2019-11-15","5.7477"
"1574024400000","326.76285","6.59","2019-11-18","5.7357"
"1574110800000","321.9935","6.59","2019-11-19","5.699"
"1574197200000","325.91458","6.59","2019-11-20","5.6998"
"1574283600000","328.3751","6.59","2019-11-21","5.697"
"1574370000000","326.55505","6.59","2019-11-22","5.713"
"1574629200000","328.43097","6.59","2019-11-25","5.7418"
"1574715600000","330.58383","6.53","2019-11-26","5.7593"
"1574802000000","328.74228","6.53","2019-11-27","5.7745"
"1574888400000","329.88754","6.53","2019-11-28","5.7572"
"1574974800000","319.89478","6.53","2019-11-29","5.7504"
"1575234000000","323.79242","6.53","2019-12-02","5.741"
"1575320400000","324.14154","6.53","2019-12-03","5.7421"
"1575406800000","328.3254","6.53","2019-12-04","5.749"
"1575493200000","326.463","6.53","2019-12-05","5.7486"
"1575579600000","326.6215","6.53","2019-12-06","5.7758"
"1575838800000","328.98633","6.53","2019-12-09","5.8094"
"1575925200000","329.3984","6.53","2019-12-10","5.8054"
"1576011600000","327.83972","6.53","2019-12-11","5.8035"
"1576098000000","328.31445","6.53","2019-12-12","5.7914"
"1576184400000","329.03168","6.53","2019-12-13","5.8061"
"1576443600000","333.60266","6.53","2019-12-16","5.8496"
"1576530000000","333.9355","6.53","2019-12-17","5.8864"
"1576616400000","335.52182","6.53","2019-12-18","5.9269"
"1576702800000","335.70605","6.53","2019-12-19","5.9417"
"1576789200000","335.43765","6.53","2019-12-20","5.938"
"1577048400000","336.1667","6.53","2019-12-23","5.9488"
"1577134800000","337.59167","6.59","2019-12-24","5.9498"
"1577307600000","336.6044","6.59","2019-12-26","5.9324"
"1577394000000","339.1753","6.59","2019-12-27","5.9494"
"1577653200000","339.322","6.59","2019-12-30","5.9478"
"1577739600000","337.18933","6.59","2019-12-31","5.9511"
"1577912400000","339.9888","6.59","2020-01-02","5.9574"
"1577998800000","338.64944","6.59","2020-01-03","5.9716"
"1578258000000","338.45364","6.59","2020-01-06","5.9692"
"1578344400000","341.02405","6.59","2020-01-07","5.9724"
"1578430800000","332.8089","6.59","2020-01-08","5.9082"
"1578517200000","332.26172","6.59","2020-01-09","5.8745"
"1578603600000","332.14758","6.59","2020-01-10","5.8808"
"1578862800000","331.27902","6.59","2020-01-13","5.8675"
"1578949200000","331.8342","6.59","2020-01-14","5.8815"
"1579035600000","330.70938","6.59","2020-01-15","5.8751"
"1579122000000","330.82736","6.64","2020-01-16","5.8595"
"1579208400000","332.5703","6.64","2020-01-17","5.8862"
"1579467600000","334.3497","6.64","2020-01-20","5.9156"
"1579554000000","337.39716","6.64","2020-01-21","5.938"
"1579640400000","333.33487","6.64","2020-01-22","5.9249"
"1579726800000","327.94046","6.64","2020-01-23","5.9345"
"1579813200000","324.21002","6.64","2020-01-24","5.939"
"1580072400000","325.42303","6.64","2020-01-27","5.9438"
"1580158800000","326.0905","6.43","2020-01-28","5.9408"
"1580245200000","326.51553","6.43","2020-01-29","5.9594"
"1580331600000","328.2683","6.43","2020-01-30","5.9696"
"1580418000000","329.23898","6.43","2020-01-31","5.9829"
"1580677200000","330.7311","6.43","2020-02-03","5.985"
"1580763600000","329.34613","6.43","2020-02-04","5.9805"
"1580850000000","331.56122","6.43","2020-02-05","5.9827"
"1580936400000","335.3168","6.43","2020-02-06","5.9878"
"1581022800000","337.96036","6.43","2020-02-07","6.0146"
"1581282000000","337.9008","6.43","2020-02-10","6.0114"
"1581368400000","336.25528","6.43","2020-02-11","6.0153"
"1581454800000","337.5853","6.43","2020-02-12","6.0445"
"1581541200000","335.0166","6.43","2020-02-13","6.0396"
"1581627600000","336.6214","6.43","2020-02-14","6.0587"
"1581886800000","338.1517","6.43","2020-02-17","6.0449"
"1581973200000","340.488","6.43","2020-02-18","6.0639"
"1582059600000","342.7883","6.43","2020-02-19","6.0832"
"1582146000000","344.44095","6.43","2020-02-20","6.0963"
"1582232400000","343.89682","6.43","2020-02-21","6.0953"
"1582491600000","345.22748","6.43","2020-02-24","6.1178"
"1582578000000","338.89752","6.43","2020-02-25","6.1439"
"1582664400000","337.0328","6.43","2020-02-26","6.1581"
"1582750800000","339.0735","6.43","2020-02-27","6.209"
"1582837200000","332.58496","6.43","2020-02-28","6.2469"
"1583096400000","334.18738","6.3","2020-03-02","6.1795"
"1583182800000","332.03088","6.3","2020-03-03","6.108"
"1583269200000","331.08585","6.3","2020-03-04","6.0772"
"1583355600000","330.7683","6.3","2020-03-05","6.1095"
"1583442000000","327.17984","6.3","2020-03-06","6.0916"
"1583701200000","309.179","6.3","2020-03-09","6.1467"
"1583787600000","316.36722","6.3","2020-03-10","6.1574"
"1583874000000","320.36874","5.78","2020-03-11","6.2099"
"1583960400000","326.3942","5.78","2020-03-12","6.3169"
"1584046800000","320.45483","5.78","2020-03-13","6.3331"
"1584306000000","308.8857","5.78","2020-03-16","6.4311"
"1584392400000","305.028","5.78","2020-03-17","6.3974"
"1584478800000","289.6113","5.78","2020-03-18","6.4819"
"1584565200000","291.7702","5.51","2020-03-19","6.5434"
"1584651600000","286.00793","5.31","2020-03-20","6.5508"
"1584910800000","294.62482","5.42","2020-03-23","6.5618"
"1584997200000","291.94064","5.42","2020-03-24","6.4191"
"1585083600000","298.90854","5.42","2020-03-25","6.4171"
"1585170000000","293.2981","5.42","2020-03-26","6.3983"
"1585256400000","299.3458","5.42","2020-03-27","6.4542"
"1585515600000","305.29193","5.42","2020-03-30","6.5739"
"1585602000000","306.48224","5.48","2020-03-31","6.6152"
"1585688400000","303.1586","5.4","2020-04-01","6.7026"
"1585774800000","300.7621","5.4","2020-04-02","6.6058"
"1585861200000","302.48663","5.4","2020-04-03","6.7309"
"1586120400000","312.5073","5.4","2020-04-06","6.7789"
"1586206800000","317.93152","5.4","2020-04-07","6.7645"
"1586293200000","314.92328","5.4","2020-04-08","6.774"
"1586379600000","311.56702","5.55","2020-04-09","6.6731"
"1586725200000","317.7208","5.46","2020-04-13","6.7701"
"1586811600000","324.7428","5.39","2020-04-14","6.8166"
"1586898000000","317.55106","5.39","2020-04-15","6.9123"
"1586984400000","319.1802","5.39","2020-04-16","6.9387"
"1587070800000","318.26733","5.17","2020-04-17","6.9294"
"1587330000000","319.80902","5.28","2020-04-20","6.9403"
"1587416400000","301.7145","5.28","2020-04-21","6.9809"
"1587502800000","310.42416","5.28","2020-04-22","6.9821"
"1587589200000","304.8687","4.87","2020-04-23","6.9462"
"1587675600000","304.63727","4.87","2020-04-24","6.9727"
"1587934800000","303.8255","4.87","2020-04-27","6.9861"
"1588021200000","305.0437","4.87","2020-04-28","6.9868"
"1588107600000","302.7596","4.87","2020-04-29","6.952"
"1588194000000","312.44522","4.87","2020-04-30","6.9867"
"1588280400000","306.9941","4.87","2020-05-01","7.0122"
"1588539600000","304.07513","4.87","2020-05-04","7.0453"
"1588626000000","310.47348","5.07","2020-05-05","7.0739"
"1588712400000","311.81912","5.07","2020-05-06","7.1914"
"1588798800000","311.2133","5.34","2020-05-07","7.1167"
"1588885200000","322.26865","5.27","2020-05-08","7.0875"
"1589144400000","313.61682","5.4","2020-05-11","7.073"
"1589230800000","309.20184","5.4","2020-05-12","6.9971"
"1589317200000","309.7984","5.4","2020-05-13","6.9743"
"1589403600000","309.61212","5.4","2020-05-14","6.9218"
"1589490000000","309.0402","5.28","2020-05-15","6.9013"
"1589749200000","318.1235","5.39","2020-05-18","6.8843"
"1589835600000","310.26477","5.47","2020-05-19","6.7773"
"1589922000000","315.428","5.47","2020-05-20","6.7907"
"1590008400000","314.119","5.59","2020-05-21","6.7947"
"1590094800000","313.50293","5.59","2020-05-22","6.8138"
"1590354000000","316.8261","5.59","2020-05-25","6.812"
"1590440400000","318.43048","5.59","2020-05-26","6.7293"
"1590526800000","318.80328","5.59","2020-05-27","6.7744"
"1590613200000","325.01352","5.59","2020-05-28","6.8137"
"1590699600000","327.0743","5.59","2020-05-29","6.824"
"1590958800000","327.57465","5.59","2020-06-01","6.8117"
"1591045200000","325.11124","5.59","2020-06-02","6.7144"
"1591131600000","327.2464","5.59","2020-06-03","6.7404"
"1591218000000","331.6595","5.39","2020-06-04","6.7534"
"1591304400000","335.792","5.39","2020-06-05","6.77"
"1591563600000","328.3162","5.39","2020-06-08","6.7876"
"1591650000000","333.053","5.71","2020-06-09","6.797"
"1591736400000","332.04852","5.71","2020-06-10","6.7765"
"1591822800000","321.34995","5.71","2020-06-11","6.8416"
"1591909200000","318.4864","5.71","2020-06-12","6.814"
"1592168400000","325.1784","5.71","2020-06-15","6.8143"
"1592254800000","329.48663","5.71","2020-06-16","6.8415"
"1592341200000","324.27133","5.71","2020-06-17","6.8455"
"1592427600000","323.43997","5.71","2020-06-18","6.8569"
"1592514000000","324.05472","5.71","2020-06-19","6.8525"
"1592773200000","328.21027","5.71","2020-06-22","6.8477"
"1592859600000","326.70987","6","2020-06-23","6.8507"
"1592946000000","320.30765","6","2020-06-24","6.8559"
"1593032400000","322.3315","6","2020-06-25","6.8552"
"1593118800000","322.763","6","2020-06-26","6.86"
"1593378000000","329.3094","6","2020-06-29","6.8549"
"1593464400000","324.0051","5.83","2020-06-30","6.8529"
"1593550800000","327.14328","5.83","2020-07-01","6.8483"
"1593637200000","331.15234","5.93","2020-07-02","6.8519"
"1593723600000","331.44907","5.93","2020-07-03","6.8623"
"1593982800000","333.39545","5.93","2020-07-06","6.8614"
"1594069200000","334.50366","6.03","2020-07-07","6.8588"
"1594155600000","338.5553","6.03","2020-07-08","6.8589"
"1594242000000","337.6006","6.03","2020-07-09","6.8618"
"1594328400000","340.1367","6.03","2020-07-10","6.8659"
"1594587600000","337.66397","6.03","2020-07-13","6.8603"
"1594674000000","339.96472","6.03","2020-07-14","6.8652"
"1594760400000","340.42523","6.03","2020-07-15","6.8565"
"1594846800000","338.58932","6.03","2020-07-16","6.8582"
"1594933200000","339.07175","6.03","2020-07-17","6.8638"
"1595192400000","339.68665","6.03","2020-07-20","6.8582"
"1595278800000","339.40585","6.03","2020-07-21","6.8236"
"1595365200000","341.2533","6.03","2020-07-22","6.8511"
"1595451600000","338.0301","6.03","2020-07-23","6.8441"
"1595538000000","342.52536","6.03","2020-07-24","6.8464"
"1595797200000","346.5915","6.03","2020-07-27","6.87"
"1595883600000","348.4938","6.03","2020-07-28","6.9352"
"1595970000000","352.0603","6.03","2020-07-29","6.9784"
"1596056400000","347.24713","6.03","2020-07-30","6.9939"
"1596142800000","348.20663","6.03","2020-07-31","6.9725"
"1596402000000","353.67706","6.03","2020-08-03","6.9512"
"1596488400000","351.07767","6.03","2020-08-04","6.8974"
"1596574800000","359.85556","6.03","2020-08-05","7.0477"
"1596661200000","370.141","6.03","2020-08-06","7.2534"
"1596747600000","366.67346","6.03","2020-08-07","7.2796"
"1597006800000","368.9093","6.19","2020-08-10","7.2835"
"1597093200000","364.33658","6.19","2020-08-11","7.2246"
"1597179600000","373.74265","6.19","2020-08-12","7.3326"
"1597266000000","372.57056","6.19","2020-08-13","7.3384"
"1597352400000","373.30066","6.19","2020-08-14","7.3702"
"1597611600000","378.77557","6.19","2020-08-17","7.3821"
"1597698000000","377.02753","6.19","2020-08-18","7.3739"
"1597784400000","373.99963","6.19","2020-08-19","7.2876"
"1597870800000","373.22482","6.19","2020-08-20","7.2981"
"1597957200000","371.30222","6.19","2020-08-21","7.3163"
"1598216400000","378.70438","6.19","2020-08-24","7.3764"
"1598302800000","381.62476","6.19","2020-08-25","7.3901"
"1598389200000","380.1151","6.19","2020-08-26","7.368"
"1598475600000","375.82623","6.19","2020-08-27","7.3576"
"1598562000000","378.89804","6.19","2020-08-28","7.3302"
"1598821200000","374.19208","6.19","2020-08-31","7.3443"
"1598907600000","378.1668","6.19","2020-09-01","7.3688"
"1598994000000","374.75266","6.19","2020-09-02","7.3872"
"1599080400000","378.82944","6.19","2020-09-03","7.4324"
"1599166800000","375.18784","6.19","2020-09-04","7.4383"
"1599426000000","372.505","6.19","2020-09-07","7.4501"
"1599512400000","363.7661","5.98","2020-09-08","7.4849"
"1599598800000","368.47955","5.98","2020-09-09","7.4879"
"1599685200000","364.42462","5.8","2020-09-10","7.4494"
"1599771600000","364.31033","5.8","2020-09-11","7.4761"
"1600030800000","367.23605","5.8","2020-09-14","7.4885"
"1600117200000","371.74808","5.8","2020-09-15","7.4919"
"1600203600000","374.66983","5.8","2020-09-16","7.5024"
"1600290000000","378.90417","5.8","2020-09-17","7.5509"
"1600376400000","377.97375","5.8","2020-09-18","7.5625"
"1600635600000","372.665","6.1","2020-09-21","7.6272"
"1600722000000","375.1153","6.1","2020-09-22","7.6648"
"1600808400000","376.4151","6.1","2020-09-23","7.7008"
"1600894800000","374.50818","5.98","2020-09-24","7.6228"
"1600981200000","374.22824","5.98","2020-09-25","7.6639"
"1601240400000","381.0987","5.98","2020-09-28","7.8062"
"1601326800000","373.1555","5.98","2020-09-29","7.8066"
"1601413200000","373.90283","5.98","2020-09-30","7.7157"
"1601499600000","370.51688","5.98","2020-10-01","7.7433"
"1601586000000","363.3164","5.98","2020-10-02","7.7748"
"1601845200000","373.17294","5.98","2020-10-05","7.7615"
"1601931600000","379.8113","5.98","2020-10-06","7.799"
"1602018000000","379.11563","5.98","2020-10-07","7.8851"
"1602104400000","385.64545","6.22","2020-10-08","7.9449"
"1602190800000","377.81848","6.22","2020-10-09","7.8745"
"1602450000000","374.09827","6.22","2020-10-12","7.8957"
"1602536400000","377.46057","6.22","2020-10-13","7.9182"
"1602622800000","380.17865","6.22","2020-10-14","7.9105"
"1602709200000","382.2482","6.22","2020-10-15","7.9354"
"1602795600000","380.42883","6.22","2020-10-16","7.9223"
"1603054800000","378.09747","6.22","2020-10-19","7.8836"
"1603141200000","380.1541","6.22","2020-10-20","7.8658"
"1603227600000","369.05307","6.22","2020-10-21","7.8123"
"1603314000000","377.8647","6.22","2020-10-22","7.935"
"1603400400000","374.34973","6.22","2020-10-23","7.9615"
"1603659600000","373.9775","6.22","2020-10-26","8.086"
"1603746000000","383.21475","6.22","2020-10-27","8.1866"
"1603832400000","376.52542","6.22","2020-10-28","8.2662"
"1603918800000","370.11026","6.22","2020-10-29","8.291"
"1604005200000","375.3536","6.22","2020-10-30","8.3449"
"1604264400000","388.28854","6.22","2020-11-02","8.4264"
"1604350800000","387.33054","6.09","2020-11-03","8.3965"
"1604437200000","396.81467","6.09","2020-11-04","8.4321"
"1604523600000","393.59744","6.25","2020-11-05","8.4228"
"1604610000000","390.5968","6.39","2020-11-06","8.5153"
"1604869200000","382.7649","6.39","2020-11-09","8.0684"
"1604955600000","388.19574","6.39","2020-11-10","8.1588"
"1605042000000","374.5008","6.39","2020-11-11","7.8021"
"1605128400000","367.5763","6.39","2020-11-12","7.6931"
"1605214800000","360.6412","6.39","2020-11-13","7.6553"
"1605474000000","365.95322","6.39","2020-11-16","7.7059"
"1605560400000","364.55933","6.39","2020-11-17","7.7025"
"1605646800000","366.12628","6.39","2020-11-18","7.7063"
"1605733200000","356.58185","6.39","2020-11-19","7.5531"
"1605819600000","362.2751","6.37","2020-11-20","7.6381"
"1606078800000","376.3631","6.37","2020-11-23","7.8836"
"1606165200000","386.0269","6.37","2020-11-24","7.9989"
"1606251600000","389.93347","6.37","2020-11-25","7.9287"
"1606338000000","384.15714","6.37","2020-11-26","7.8753"
"1606424400000","384.05704","6.65","2020-11-27","7.8363"
"1606683600000","381.5521","6.65","2020-11-30","7.8235"
"1606770000000","374.5579","6.65","2020-12-01","7.8343"
"1606856400000","375.09125","6.65","2020-12-02","7.8619"
"1606942800000","366.51337","6.65","2020-12-03","7.7717"
"1607029200000","373.12662","6.65","2020-12-04","7.8011"
"1607288400000","373.67322","6.65","2020-12-07","7.806"
"1607374800000","374.90955","6.65","2020-12-08","7.8155"
"1607461200000","374.1963","6.65","2020-12-09","7.8251"
"1607547600000","380.48666","6.65","2020-12-10","7.8841"
"1607634000000","377.4326","6.65","2020-12-11","7.8452"
"1607893200000","381.94003","6.65","2020-12-14","7.854"
"1607979600000","384.44382","6.65","2020-12-15","7.8346"
"1608066000000","384.462","6.65","2020-12-16","7.8"
"1608152400000","384.1037","6.65","2020-12-17","7.7021"
"1608238800000","382.53217","6.65","2020-12-18","7.6232"
"1608498000000","378.80368","6.65","2020-12-21","7.6526"
"1608584400000","375.01535","6.65","2020-12-22","7.6565"
"1608670800000","379.31216","6.65","2020-12-23","7.6428"
"1608757200000","378.3847","6.65","2020-12-24","7.5859"
"1609102800000","367.37762","6.65","2020-12-28","7.4383"
"1609189200000","366.9812","6.65","2020-12-29","7.3869"
"1609275600000","366.6944","6.65","2020-12-30","7.3841"
"1609362000000","368.523","6.65","2020-12-31","7.4404"
"1609707600000","364.91855","6.68","2021-01-04","7.4261"
"1609794000000","367.84012","6.68","2021-01-05","7.3908"
"1609880400000","360.85028","6.68","2021-01-06","7.3091"
"1609966800000","364.24817","6.68","2021-01-07","7.3201"
"1610053200000","370.47232","6.68","2021-01-08","7.3521"
"1610312400000","378.4565","6.68","2021-01-11","7.4779"
"1610398800000","380.26025","6.68","2021-01-12","7.4517"
"1610485200000","381.40256","6.68","2021-01-13","7.403"
"1610571600000","380.54953","6.68","2021-01-14","7.365"
"1610658000000","383.49384","6.68","2021-01-15","7.4726"
"1610917200000","381.65335","6.68","2021-01-18","7.479"
"1611003600000","383.9758","6.68","2021-01-19","7.4718"
"1611090000000","379.70425","6.68","2021-01-20","7.4248"
"1611176400000","376.43695","6.68","2021-01-21","7.371"
"1611262800000","375.67105","6.68","2021-01-22","7.417"
"1611522000000","377.50424","6.68","2021-01-25","7.4064"
"1611608400000","372.60693","6.68","2021-01-26","7.3478"
"1611694800000","376.96378","6.68","2021-01-27","7.3987"
"1611781200000","371.42896","6.68","2021-01-28","7.3463"
"1611867600000","368.9557","6.68","2021-01-29","7.3075"
"1612126800000","368.2765","6.68","2021-02-01","7.1929"
"1612213200000","370.68484","6.68","2021-02-02","7.1866"
"1612299600000","370.53342","6.68","2021-02-03","7.1573"
"1612386000000","370.89047","6.68","2021-02-04","7.138"
"1612472400000","368.5688","6.68","2021-02-05","7.058"
"1612731600000","375.72308","6.68","2021-02-08","7.0731"
"1612818000000","377.43243","6.75","2021-02-09","7.0667"
"1612904400000","378.85114","6.75","2021-02-10","7.0589"
"1612990800000","375.76862","6.75","2021-02-11","7.0224"
"1613077200000","379.18112","6.75","2021-02-12","7.0349"
"1613336400000","378.43463","6.75","2021-02-15","6.9642"
"1613422800000","379.984","6.75","2021-02-16","6.985"
"1613509200000","381.28464","6.75","2021-02-17","6.9794"
"1613595600000","381.3338","6.75","2021-02-18","6.9803"
"1613682000000","380.6482","6.75","2021-02-19","6.9652"
"1613941200000","391.51422","6.75","2021-02-22","7.0189"
"1614027600000","397.99374","6.75","2021-02-23","7.1083"
"1614114000000","408.86346","6.75","2021-02-24","7.1655"
"1614200400000","418.66794","6.75","2021-02-25","7.3515"
"1614286800000","413.84915","6.75","2021-02-26","7.4273"
"1614546000000","403.9112","6.75","2021-03-01","7.2895"
"1614632400000","408.8327","6.75","2021-03-02","7.3584"
"1614718800000","420.28943","6.75","2021-03-03","7.4612"
"1614805200000","429.5328","6.75","2021-03-04","7.5172"
"1614891600000","440.0486","6.75","2021-03-05","7.5325"
"1615150800000","450.42667","6.75","2021-03-08","7.7633"
"1615237200000","440.2547","6.75","2021-03-09","7.6195"
"1615323600000","432.39215","6.75","2021-03-10","7.5029"
"1615410000000","436.3454","6.75","2021-03-11","7.4832"
"1615496400000","440.15488","6.75","2021-03-12","7.5602"
"1615755600000","437.92874","6.75","2021-03-15","7.5375"
"1615842000000","435.21088","6.75","2021-03-16","7.4933"
"1615928400000","438.3194","6.75","2021-03-17","7.5029"
"1616014800000","415.4111","6.52","2021-03-18","7.3226"
"1616101200000","410.94922","6.52","2021-03-19","7.2185"
"1616360400000","445.7054","6.52","2021-03-22","7.8016"
"1616446800000","442.9329","6.52","2021-03-23","7.9336"
"1616533200000","453.4014","6.52","2021-03-24","7.9377"
"1616619600000","440.9253","6.52","2021-03-25","7.9446"
"1616706000000","460.67383","6.52","2021-03-26","8.1076"
"1616965200000","466.1865","6.52","2021-03-29","8.2104"
"1617051600000","469.56693","6.52","2021-03-30","8.336"
"1617138000000","459.38324","6.52","2021-03-31","8.2519"
"1617224400000","470.4203","6.52","2021-04-01","8.1233"
"1617570000000","463.50024","6.52","2021-04-05","8.1145"
"1617656400000","470.25766","6.52","2021-04-06","8.1444"
"1617742800000","471.67688","6.52","2021-04-07","8.1605"
"1617829200000","464.14694","6.52","2021-04-08","8.1415"
"1617915600000","466.93884","6.52","2021-04-09","8.1747"
"1618174800000","469.68005","6.52","2021-04-12","8.157"
"1618261200000","470.5424","6.52","2021-04-13","8.1198"
"1618347600000","478.75015","6.52","2021-04-14","8.0829"
"1618434000000","472.40878","6.52","2021-04-15","8.0178"
"1618520400000","473.45074","6.52","2021-04-16","8.0656"
"1618779600000","475.38074","6.52","2021-04-19","8.0971"
"1618866000000","471.82355","6.52","2021-04-20","8.1153"
"1618952400000","472.0255","6.52","2021-04-21","8.1892"
"1619038800000","483.7288","6.52","2021-04-22","8.3215"
"1619125200000","492.1985","6.52","2021-04-23","8.3907"
"1619384400000","486.88596","6.52","2021-04-26","8.2846"
"1619470800000","488.24423","6.52","2021-04-27","8.2196"
"1619557200000","490.1661","6.52","2021-04-28","8.1995"
"1619643600000","495.4413","6.52","2021-04-29","8.219"
"1619730000000","491.71573","6.52","2021-04-30","8.2948"
"1619989200000","493.7159","6.52","2021-05-03","8.2506"
"1620075600000","505.5157","6.52","2021-05-04","8.3281"
"1620162000000","507.13666","6.52","2021-05-05","8.326"
"1620248400000","504.04858","6.52","2021-05-06","8.2821"
"1620334800000","504.67273","6.52","2021-05-07","8.2409"
"1620594000000","508.73187","6.52","2021-05-10","8.2761"
"1620680400000","512.9824","6.52","2021-05-11","8.2846"
"1620766800000","526.6908","6.52","2021-05-12","8.4311"
"1620853200000","515.7432","6.52","2021-05-13","8.505"
"1620939600000","517.03217","6.52","2021-05-14","8.451"
"1621198800000","509.4635","6.52","2021-05-17","8.3137"
"1621285200000","510.9042","6.52","2021-05-18","8.3563"
"1621371600000","503.15125","6.52","2021-05-19","8.4139"
"1621458000000","496.63434","7.32","2021-05-20","8.3806"
"1621544400000","505.47696","7.32","2021-05-21","8.4162"
"1621803600000","513.82434","7.32","2021-05-24","8.3876"
"1621890000000","518.1732","7.32","2021-05-25","8.4655"
"1621976400000","518.7292","7.32","2021-05-26","8.458"
"1622062800000","522.4172","7.32","2021-05-27","8.5015"
"1622149200000","522.91187","7.32","2021-05-28","8.5625"
"1622408400000","521.8211","7.3","2021-05-31","8.4918"
"1622494800000","529.27686","7.3","2021-06-01","8.5381"
"1622581200000","536.39856","7.3","2021-06-02","8.592"
"1622667600000","542.9365","7.3","2021-06-03","8.7023"
"1622754000000","544.3818","7.3","2021-06-04","8.6685"
"1623013200000","542.07275","7.3","2021-06-07","8.6139"
"1623099600000","545.2988","7.3","2021-06-08","8.605"
"1623186000000","543.7415","7.3","2021-06-09","8.5872"
"1623272400000","533.8777","7.3","2021-06-10","8.4261"
"1623358800000","531.8707","7.3","2021-06-11","8.3931"
"1623618000000","535.7942","7.3","2021-06-14","8.4657"
"1623704400000","544.634","7.3","2021-06-15","8.5567"
"1623790800000","549.41034","7.3","2021-06-16","8.6074"
"1623877200000","547.1555","7.3","2021-06-17","8.721"
"1623963600000","550.9291","7.3","2021-06-18","8.7352"
"1624222800000","559.4909","7.3","2021-06-21","8.7722"
"1624309200000","554.49066","7.3","2021-06-22","8.6531"
"1624395600000","556.96136","7.3","2021-06-23","8.6431"
"1624482000000","563.12695","7.32","2021-06-24","8.7077"
"1624568400000","568.7738","7.32","2021-06-25","8.7652"
"1624827600000","558.16815","7.32","2021-06-28","8.6915"
"1624914000000","561.9922","7.32","2021-06-29","8.7388"
"1625000400000","558.5925","7.32","2021-06-30","8.7076"
"1625086800000","560.9721","7.32","2021-07-01","8.665"
"1625173200000","565.4407","7.32","2021-07-02","8.6924"
"1625432400000","565.6895","7.32","2021-07-05","8.6709"
"1625518800000","550.9016","7.32","2021-07-06","8.6893"
"1625605200000","544.2116","7.32","2021-07-07","8.6907"
"1625691600000","547.2345","7.32","2021-07-08","8.6904"
"1625778000000","554.6825","7.32","2021-07-09","8.6615"
"1626037200000","554.24316","7.32","2021-07-12","8.6398"
"1626123600000","563.2909","7.32","2021-07-13","8.6262"
"1626210000000","551.7871","7.32","2021-07-14","8.5908"
"1626296400000","546.86993","7.32","2021-07-15","8.5676"
"1626382800000","548.7575","7.32","2021-07-16","8.5277"
"1626642000000","522.95374","7.32","2021-07-19","8.5885"
"1626728400000","523.3506","7.32","2021-07-20","8.5753"
"1626814800000","539.7059","7.32","2021-07-21","8.5654"
"1626901200000","543.7027","7.32","2021-07-22","8.5609"
"1626987600000","542.9381","7.32","2021-07-23","8.5529"
"1627246800000","543.1288","7.32","2021-07-26","8.5586"
"1627333200000","543.44293","7.32","2021-07-27","8.5649"
"1627419600000","547.89655","7.32","2021-07-28","8.5542"
"1627506000000","549.8025","7.32","2021-07-29","8.4585"
"1627592400000","549.5881","7.32","2021-07-30","8.4539"
"1627851600000","529.75885","7.32","2021-08-02","8.3545"
"1627938000000","533.48596","7.37","2021-08-03","8.4093"
"1628024400000","530.60956","7.37","2021-08-04","8.4789"
"1628110800000","540.61584","7.37","2021-08-05","8.5311"
"1628197200000","547.42236","7.37","2021-08-06","8.6317"
"1628456400000","539.8831","7.37","2021-08-09","8.6603"
"1628542800000","545.0358","7.34","2021-08-10","8.609"
"1628629200000","552.07074","7.34","2021-08-11","8.6315"
"1628715600000","547.2013","7.34","2021-08-12","8.5634"
"1628802000000","541.5959","7.34","2021-08-13","8.5237"
"1629061200000","532.8675","7.34","2021-08-16","8.4609"
"1629147600000","525.0448","7.34","2021-08-17","8.4331"
"1629234000000","522.5797","7.34","2021-08-18","8.4642"
"1629320400000","516.3825","7.34","2021-08-19","8.5282"
"1629406800000","504.80853","7.34","2021-08-20","8.4956"
"1629666000000","521.13806","7.34","2021-08-23","8.4272"
"1629752400000","530.24835","7.34","2021-08-24","8.4113"
"1629838800000","531.4419","7.34","2021-08-25","8.3784"
"1629925200000","527.3281","7.34","2021-08-26","8.3916"
"1630011600000","532.8901","7.34","2021-08-27","8.3512"
"1630270800000","534.50916","7.34","2021-08-30","8.3792"
"1630357200000","528.35297","7.34","2021-08-31","8.3179"
"1630443600000","528.5063","7.34","2021-09-01","8.2955"
"1630530000000","533.7149","7.34","2021-09-02","8.2785"
"1630616400000","535.41254","7.34","2021-09-03","8.3242"
"1630875600000","533.2973","7.34","2021-09-06","8.2823"
"1630962000000","535.5687","7.34","2021-09-07","8.3526"
"1631048400000","543.7381","7.34","2021-09-08","8.4734"
"1631134800000","536.10144","7.34","2021-09-09","8.4359"
"1631221200000","547.30414","7.34","2021-09-10","8.4722"
"1631480400000","547.10046","7.34","2021-09-13","8.4286"
"1631566800000","547.5416","7.34","2021-09-14","8.4419"
"1631653200000","552.74554","7.34","2021-09-15","8.435"
"1631739600000","559.6073","7.37","2021-09-16","8.5332"
"1631826000000","562.0106","7.37","2021-09-17","8.641"
"1632085200000","554.6739","7.37","2021-09-20","8.6722"
"1632171600000","556.1197","7.37","2021-09-21","8.6287"
"1632258000000","564.2195","7.37","2021-09-22","8.655"
"1632344400000","577.8151","7.37","2021-09-23","8.7654"
"1632430800000","588.79297","7.37","2021-09-24","8.8861"
"1632690000000","596.89655","7.37","2021-09-27","8.822"
"1632776400000","599.32196","7.37","2021-09-28","8.8749"
"1632862800000","604.39545","7.37","2021-09-29","8.9236"
"1632949200000","600.11993","7.37","2021-09-30","8.8933"
"1633035600000","606.8209","7.37","2021-10-01","8.8587"
"1633294800000","615.8081","7.37","2021-10-04","8.858"
"1633381200000","623.62695","7.37","2021-10-05","8.8722"
"1633467600000","612.0302","7.37","2021-10-06","8.8803"
"1633554000000","617.67725","7.37","2021-10-07","8.8785"
"1633640400000","626.51263","7.6","2021-10-08","8.9694"
"1633899600000","638.4502","7.6","2021-10-11","9.0024"
"1633986000000","643.9164","7.6","2021-10-12","9.0425"
"1634072400000","648.45734","7.6","2021-10-13","9.0884"
"1634158800000","658.34045","7.6","2021-10-14","9.187"
"1634245200000","663.3505","7.6","2021-10-15","9.2595"
"1634504400000","665.4494","8.01","2021-10-18","9.3344"
"1634590800000","664.1916","8.24","2021-10-19","9.3011"
"1634677200000","666.5337","8.24","2021-10-20","9.219"
"1634763600000","678.80237","8.26","2021-10-21","9.5177"
"1634850000000","685.2782","8.26","2021-10-22","9.6085"
"1635109200000","691.5521","8.26","2021-10-25","9.5929"
"1635195600000","688.0647","8.26","2021-10-26","9.5432"
"1635282000000","676.3381","8.26","2021-10-27","9.5018"
"1635368400000","676.7334","8.26","2021-10-28","9.5449"
"1635454800000","676.3258","8.26","2021-10-29","9.6069"
"1635714000000","675.03625","8.26","2021-11-01","9.5398"
"1635800400000","680.7244","8.26","2021-11-02","9.6039"
"1635886800000","672.62134","8.26","2021-11-03","9.6447"
"1635973200000","682.5723","8.26","2021-11-04","9.7039"
"1636059600000","696.4815","8.26","2021-11-05","9.6922"
"1636318800000","701.022","8.26","2021-11-08","9.6853"
"1636405200000","707.5398","8.26","2021-11-09","9.735"
"1636491600000","703.6666","8.26","2021-11-10","9.847"
"1636578000000","712.9493","8.26","2021-11-11","9.9062"
"1636664400000","714.1428","8.26","2021-11-12","9.9992"
"1636923600000","719.97906","8.26","2021-11-15","10.0626"
"1637010000000","740.5686","8.26","2021-11-16","10.3172"
"1637096400000","752.34894","8.26","2021-11-17","10.6294"
"1637182800000","789.2701","8.26","2021-11-18","11.0635"
"1637269200000","787.14014","8.26","2021-11-19","11.2884"
"1637528400000","802.66364","8.76","2021-11-22","11.3853"
"1637614800000","924.21124","8.76","2021-11-23","12.8238"
"1637701200000","859.2175","8.76","2021-11-24","11.9535"
"1637787600000","866.83954","9.85","2021-11-25","11.9928"
"1637874000000","809.69696","9.85","2021-11-26","12.3373"
"1638133200000","862.24634","9.85","2021-11-29","12.8196"
"1638219600000","863.24036","9.85","2021-11-30","13.4776"
"1638306000000","850.65405","9.41","2021-12-01","13.248"
"1638392400000","888.44366","9.41","2021-12-02","13.6831"
"1638478800000","897.13544","9.41","2021-12-03","13.703"
"1638738000000","933.05963","9.41","2021-12-06","13.8047"
"1638824400000","938.86646","9.41","2021-12-07","13.4914"
"1638910800000","961.18445","10.06","2021-12-08","13.6765"
"1638997200000","955.67395","10.38","2021-12-09","13.7884"
"1639083600000","964.81934","10.41","2021-12-10","13.8783"
"1639342800000","957.0287","10.41","2021-12-13","13.8239"
"1639429200000","990.6344","10.41","2021-12-14","14.3883"
"1639515600000","1013.6854","10.41","2021-12-15","14.8113"
"1639602000000","1076.5126","10.41","2021-12-16","15.6652"
"1639688400000","1106.8545","10.41","2021-12-17","16.41"
"1639947600000","883.2068","11.55","2021-12-20","13.3274"
"1640034000000","849.0795","11.55","2021-12-21","12.4883"
"1640120400000","820.0104","11.55","2021-12-22","12.0395"
"1640206800000","783.9599","11.55","2021-12-23","11.3568"
"1640293200000","722.78656","11.55","2021-12-24","10.6386"
"1640552400000","810.3519","11.5","2021-12-27","11.5205"
"1640638800000","831.33203","11.5","2021-12-28","11.7886"
"1640725200000","898.63837","11.5","2021-12-29","12.6373"
"1640811600000","938.18115","11.5","2021-12-30","13.149"
"1640898000000","930.21564","11.5","2021-12-31","13.304"
"1641157200000","933.124","12.81","2022-01-03","13.1278"
"1641243600000","965.1223","12.81","2022-01-04","13.4082"
"1641330000000","983.20374","12.84","2022-01-05","13.6746"
"1641416400000","1003.1206","12.84","2022-01-06","13.861"
"1641502800000","1002.50195","12.84","2022-01-07","13.8697"
"1641762000000","991.3501","13.78","2022-01-10","13.8148"
"1641848400000","1013.34436","13.78","2022-01-11","13.8039"
"1641934800000","978.9569","13.78","2022-01-12","13.2848"
"1642021200000","999.7686","13.78","2022-01-13","13.5912"
"1642107600000","1007.594","13.78","2022-01-14","13.5302"
"1642366800000","1005.4987","13.78","2022-01-17","13.4407"
"1642453200000","1021.94415","13.78","2022-01-18","13.5321"
"1642539600000","1018.8862","14.3","2022-01-19","13.4276"
"1642626000000","1019.7992","14.36","2022-01-20","13.3534"
"1642712400000","1024.1261","14.36","2022-01-21","13.4541"
"1642971600000","1011.53186","14.36","2022-01-24","13.4548"
"1643058000000","1028.094","14.36","2022-01-25","13.4832"
"1643144400000","1043.8381","14.36","2022-01-26","13.5775"
"1643230800000","1038.3756","14.36","2022-01-27","13.6109"
"1643317200000","1031.8584","14.36","2022-01-28","13.5539"
"1643576400000","1018.1704","14.36","2022-01-31","13.3042"
"1643662800000","1024.3269","14.36","2022-02-01","13.3794"
"1643749200000","1036.1548","14.68","2022-02-02","13.4618"
"1643835600000","1058.9668","14.68","2022-02-03","13.5678"
"1643922000000","1068.2913","14.68","2022-02-04","13.5484"
"1644181200000","1076.5946","14.68","2022-02-07","13.5968"
"1644267600000","1061.1168","15.48","2022-02-08","13.5658"
"1644354000000","1073.9541","15.48","2022-02-09","13.5361"
"1644440400000","1071.4634","15.51","2022-02-10","13.4996"
"1644526800000","1084.7792","15.51","2022-02-11","13.4906"
"1644786000000","1100.334","15.51","2022-02-14","13.5978"
"1644872400000","1069.434","15.51","2022-02-15","13.6043"
"1644958800000","1079.1691","15.51","2022-02-16","13.5984"
"1645045200000","1070.7102","15.51","2022-02-17","13.5808"
"1645131600000","1084.4214","15.51","2022-02-18","13.6577"
"1645390800000","1102.5845","15.59","2022-02-21","13.6916"
"1645477200000","1113.2338","15.59","2022-02-22","13.7913"
"1645563600000","1127.2407","15.56","2022-02-23","13.821"
"1645650000000","1132.9877","15.56","2022-02-24","14.0395"
"1645736400000","1101.7463","15.56","2022-02-25","13.8202"
"1645995600000","1113.3167","17.07","2022-02-28","13.8455"
"1646082000000","1141.2577","16.14","2022-03-01","13.9076"
"1646168400000","1200.6718","16.14","2022-03-02","14.0249"
"1646254800000","1217.2799","17.65","2022-03-03","14.1183"
"1646341200000","1305.3008","18.98","2022-03-04","14.2004"
"1646600400000","1338.1019","19.86","2022-03-07","14.3851"
"1646686800000","1333.0706","21.3","2022-03-08","14.4962"
"1646773200000","1226.3846","22.89","2022-03-09","14.6574"
"1646859600000","1253.5891","22.92","2022-03-10","14.8424"
"1646946000000","1292.2427","22.92","2022-03-11","14.7668"
"1647205200000","1249.3049","22.96","2022-03-14","14.8057"
"1647291600000","1222.9873","20.58","2022-03-15","14.6976"
"1647378000000","1192.1892","19.79","2022-03-16","14.6245"
"1647464400000","1260.1293","18.78","2022-03-17","14.6971"
"1647550800000","1280.5104","18.78","2022-03-18","14.8053"
"1647810000000","1321.3053","20.74","2022-03-21","14.8278"
"1647896400000","1314.2604","20.74","2022-03-22","14.8236"
"1647982800000","1342.8788","22.33","2022-03-23","14.8368"
"1648069200000","1312.1497","22.33","2022-03-24","14.8232"
"1648155600000","1333.0857","23.7","2022-03-25","14.8434"
"1648414800000","1280.1343","23.7","2022-03-28","14.8198"
"1648501200000","1259.9509","23.7","2022-03-29","14.5929"
"1648587600000","1298.4241","22.15","2022-03-30","14.6549"
"1648674000000","1290.4376","21.27","2022-03-31","14.6724"
"1648760400000","1322.2976","21.27","2022-04-01","14.6873"
"1649019600000","1352.0756","21.33","2022-04-04","14.6853"
"1649106000000","1343.7797","21.33","2022-04-05","14.7199"
"1649192400000","1311.4545","21.33","2022-04-06","14.7123"
"1649278800000","1323.893","21.33","2022-04-07","14.7394"
"1649365200000","1338.9028","21.33","2022-04-08","14.7505"
"1649624400000","1309.6202","21.33","2022-04-11","14.6654"
"1649710800000","1337.9984","20.29","2022-04-12","14.599"
"1649797200000","1363.0374","20.29","2022-04-13","14.5998"
"1649883600000","1366.125","20.29","2022-04-14","14.6094"
"1650229200000","1365.9587","22.09","2022-04-18","14.6405"
"1650315600000","1312.7435","22.09","2022-04-19","14.6577"
"1650402000000","1321.9227","22.09","2022-04-20","14.6701"
"1650488400000","1345.0657","22.09","2022-04-21","14.7066"
"1650574800000","1317.8053","22.09","2022-04-22","14.7422"
"1650834000000","1293.4921","22.11","2022-04-25","14.7777"
"1650920400000","1307.0275","22.11","2022-04-26","14.8038"
"1651006800000","1306.4448","22.11","2022-04-27","14.8123"
"1651093200000","1307.1136","22.11","2022-04-28","14.7897"
"1651179600000","1301.0706","22.11","2022-04-29","14.8541"
"1651438800000","1313.8384","22.11","2022-05-02","14.886"
"1651525200000","1298.7539","22.11","2022-05-03","14.8175"
"1651611600000","1334.5193","22.11","2022-05-04","14.7363"
"1651698000000","1348.1501","22.11","2022-05-05","14.8622"
"1651784400000","1369.417","22.11","2022-05-06","14.9516"
"1652043600000","1328.5018","22.11","2022-05-09","15.0829"
"1652130000000","1322.487","22.11","2022-05-10","15.2536"
"1652216400000","1386.8652","22.11","2022-05-11","15.3194"
"1652302800000","1384.1812","22.11","2022-05-12","15.3815"
"1652389200000","1415.4735","22.14","2022-05-13","15.4815"
"1652648400000","1428.0563","22.14","2022-05-16","15.5477"
"1652734800000","1440.9298","22.14","2022-05-17","15.8431"
"1652821200000","1419.1234","22.14","2022-05-18","15.947"
"1652907600000","1439.9113","22.14","2022-05-19","15.8878"
"1652994000000","1435.6282","22.14","2022-05-20","15.909"
"1653253200000","1451.9868","22.14","2022-05-23","15.9244"
"1653339600000","1473.4895","22.14","2022-05-24","16.0914"
"1653426000000","1506.0192","22.14","2022-05-25","16.352"
"1653512400000","1525.642","22.14","2022-05-26","16.3485"
"1653598800000","1521.3741","23.52","2022-05-27","16.2228"
"1653858000000","1546.4257","24.49","2022-05-30","16.3851"
"1653944400000","1527.3763","24.51","2022-05-31","16.404"
"1654030800000","1539.3085","24.51","2022-06-01","16.3983"
"1654117200000","1567.9154","25.99","2022-06-02","16.4697"
"1654203600000","1582.1821","25.99","2022-06-03","16.4468"
"1654462800000","1594.3762","25.99","2022-06-06","16.5839"
"1654549200000","1643.0104","25.99","2022-06-07","16.7637"
"1654635600000","1712.5126","27.92","2022-06-08","17.1457"
"1654722000000","1716.2006","27.92","2022-06-09","17.1175"
"1654808400000","1696.5405","27.94","2022-06-10","17.1143"
"1655067600000","1717.7778","27.94","2022-06-13","17.2641"
"1655154000000","1695.1545","27.94","2022-06-14","17.2693"
"1655240400000","1672.212","27.94","2022-06-15","17.2393"
"1655326800000","1697.1727","29.2","2022-06-16","17.3022"
"1655413200000","1626.3221","30.04","2022-06-17","17.3308"
"1655672400000","1639.0367","30.04","2022-06-20","17.3333"
"1655758800000","1632.5012","30.04","2022-06-21","17.332"
"1655845200000","1600.1945","30.04","2022-06-22","17.3444"
"1655931600000","1546.4281","30.04","2022-06-23","17.3522"
"1656018000000","1539.2323","30.04","2022-06-24","16.9258"
"1656277200000","1529.0667","30.04","2022-06-27","16.5573"
"1656363600000","1581.7202","30.04","2022-06-28","16.6725"
"1656450000000","1554.1875","27.54","2022-06-29","16.633"
"1656536400000","1503.8668","26.7","2022-06-30","16.6985"
"1656622800000","1519.8496","26.7","2022-07-01","16.7495"
"1656882000000","1547.3121","26.7","2022-07-04","16.8113"
"1656968400000","1423.8622","26.74","2022-07-05","17.0054"
"1657054800000","1434.7759","26.74","2022-07-06","17.2242"
"1657141200000","1482.1305","26.74","2022-07-07","17.2662"
"1657227600000","1514.6674","24.65","2022-07-08","17.2592"
"1657486800000","1546.2056","25.5","2022-07-11","17.377"
"1657573200000","1457.0284","25.5","2022-07-12","17.3126"
"1657659600000","1476.7772","25.5","2022-07-13","17.4251"
"1657746000000","1451.5312","25.5","2022-07-14","17.44"
"1657832400000","1465.2129","25.5","2022-07-15","17.3624"
"1658091600000","1531.9237","25.5","2022-07-18","17.4618"
"1658178000000","1547.615","25.5","2022-07-19","17.5586"
"1658264400000","1552.7166","25.5","2022-07-20","17.6025"
"1658350800000","1533.8856","25.5","2022-07-21","17.698"
"1658437200000","1522.1892","25.5","2022-07-22","17.7308"
"1658696400000","1560.214","25.5","2022-07-25","17.8005"
"1658782800000","1562.5698","24.58","2022-07-26","17.8559"
"1658869200000","1602.6749","24.58","2022-07-27","17.885"
"1658955600000","1597.4136","24.6","2022-07-28","17.9243"
"1659042000000","1624.77","24.6","2022-07-29","17.9196"
"1659301200000","1584.5916","24.6","2022-08-01","17.8969"
"1659387600000","1610.7612","24.6","2022-08-02","17.9472"
"1659474000000","1574.0721","24.6","2022-08-03","17.9361"
"1659560400000","1525.1713","24.6","2022-08-04","17.92"
"1659646800000","1530.0011","24.6","2022-08-05","17.9199"
"1659906000000","1568.6039","23.45","2022-08-08","17.9351"
"1659992400000","1559.9902","23.47","2022-08-09","17.8939"
"1660078800000","1582.9391","22.47","2022-08-10","17.848"
"1660165200000","1613.2379","23.28","2022-08-11","17.9468"
"1660251600000","1594.7615","23.28","2022-08-12","17.9469"
"1660510800000","1567.7433","23.28","2022-08-15","17.954"
"1660597200000","1539.2999","23.28","2022-08-16","17.9322"
"1660683600000","1553.8408","23.28","2022-08-17","17.9531"
"1660770000000","1582.0034","24.05","2022-08-18","18.0594"
"1660856400000","1595.6208","24.05","2022-08-19","18.1012"
"1661115600000","1590.3936","25.13","2022-08-22","18.0706"
"1661202000000","1628.8109","25.13","2022-08-23","18.114"
"1661288400000","1636.4287","25.13","2022-08-24","18.1543"
"1661374800000","1605.9529","26.08","2022-08-25","18.171"
"1661461200000","1600.6029","26.95","2022-08-26","18.1639"
"1661720400000","1635.1072","26.98","2022-08-29","18.182"
"1661806800000","1582.6144","26.98","2022-08-30","18.1847"
"1661893200000","1566.0264","26.98","2022-08-31","18.1948"
"1661979600000","1525.0288","26.98","2022-09-01","18.2093"
"1662066000000","1524.7637","26.98","2022-09-02","18.1931"
"1662325200000","1547.8862","24.55","2022-09-05","18.219"
"1662411600000","1531.1947","25.29","2022-09-06","18.222"
"1662498000000","1464.5986","26.06","2022-09-07","18.2232"
"1662584400000","1474.1865","24.92","2022-09-08","18.2336"
"1662670800000","1523.1118","24.92","2022-09-09","18.2234"
"1662930000000","1543.9712","24.92","2022-09-12","18.2244"
"1663016400000","1534.1707","24.92","2022-09-13","18.2509"
"1663102800000","1540.2936","24.92","2022-09-14","18.2348"
"1663189200000","1483.4711","24.92","2022-09-15","18.2626"
"1663275600000","1483.3286","24.92","2022-09-16","18.2586"
"1663534800000","1492.0608","24.92","2022-09-19","18.2873"
"1663621200000","1468.6758","23.16","2022-09-20","18.3081"
"1663707600000","1460.4388","23.16","2022-09-21","18.3288"
"1663794000000","1474.536","23.16","2022-09-22","18.34"
"1663880400000","1415.515","23.16","2022-09-23","18.4144"
"1664139600000","1383.6735","23.16","2022-09-26","18.4539"
"1664226000000","1398.601","23.19","2022-09-27","18.4439"
"1664312400000","1446.9266","23.22","2022-09-28","18.51"
"1664398800000","1429.7268","23.22","2022-09-29","18.503"
"1664485200000","1402.0667","23.24","2022-09-30","18.5287"
"1664744400000","1447.2598","23.24","2022-10-03","18.519"
"1664830800000","1496.095","23.24","2022-10-04","18.5758"
"1664917200000","1530.4735","24.34","2022-10-05","18.5692"
"1665003600000","1550.81","25.72","2022-10-06","18.5748"
"1665090000000","1590.4633","27.25","2022-10-07","18.5715"
"1665349200000","1568.1267","27.25","2022-10-10","18.5731"
"1665435600000","1533.5841","28.63","2022-10-11","18.5619"
"1665522000000","1508.214","28.63","2022-10-12","18.5535"
"1665608400000","1539.3175","26.5","2022-10-13","18.5527"
"1665694800000","1495.1014","26.53","2022-10-14","18.49"
"1665954000000","1510.1509","27.52","2022-10-17","18.5819"
"1666040400000","1501.7246","27.52","2022-10-18","18.5834"
"1666126800000","1521.1799","27.52","2022-10-19","18.5827"
"1666213200000","1511.7592","27.52","2022-10-20","18.5994"
"1666299600000","1519.1973","27.52","2022-10-21","18.588"
"1666558800000","1520.4762","26.48","2022-10-24","18.5673"
"1666645200000","1540.2295","26.48","2022-10-25","18.6063"
"1666731600000","1568.0457","26.48","2022-10-26","18.6074"
"1666818000000","1582.1392","26.48","2022-10-27","18.5959"
"1666904400000","1558.162","26.48","2022-10-28","18.5916"
"1667163600000","1549.7517","26.48","2022-10-31","18.6134"
"1667250000000","1569.2583","26.51","2022-11-01","18.5821"
"1667336400000","1603.846","26.51","2022-11-02","18.6169"
"1667422800000","1582.6483","26.51","2022-11-03","18.6172"
"1667509200000","1634.4442","26.51","2022-11-04","18.5669"
"1667768400000","1619.0931","26.51","2022-11-07","18.4491"
"1667854800000","1595.0188","26.49","2022-11-08","18.5338"
"1667941200000","1555.7737","26.49","2022-11-09","18.5875"
"1668027600000","1554.5889","26.49","2022-11-10","18.4894"
"1668114000000","1597.7596","26.49","2022-11-11","18.5786"
"1668373200000","1571.1423","26.49","2022-11-14","18.5912"
"1668459600000","1598.7563","24.93","2022-11-15","18.6075"
"1668546000000","1574.2115","24.93","2022-11-16","18.6121"
"1668632400000","1539.1395","24.93","2022-11-17","18.5707"
"1668718800000","1530.4053","24.93","2022-11-18","18.6226"
"1668978000000","1541.2517","24.93","2022-11-21","18.6209"
"1669064400000","1546.7451","24.96","2022-11-22","18.6153"
"1669150800000","1524.051","24.96","2022-11-23","18.6155"
"1669237200000","1530.6927","24.01","2022-11-24","18.6193"
"1669323600000","1503.5916","24.01","2022-11-25","18.5996"
"1669582800000","1514.1488","24.01","2022-11-28","18.6288"
"1669669200000","1526.6652","23.19","2022-11-29","18.6406"
"1669755600000","1571.5035","22.64","2022-11-30","18.6153"
"1669842000000","1568.5596","22.64","2022-12-01","18.6334"
"1669928400000","1557.678","22.64","2022-12-02","18.6392"
"1670187600000","1517.5214","23.8","2022-12-05","18.6359"
"1670274000000","1470.5479","23.13","2022-12-06","18.6334"
"1670360400000","1438.58","23.13","2022-12-07","18.6417"
"1670446800000","1423.309","21.24","2022-12-08","18.6419"
"1670533200000","1423.9886","21.29","2022-12-09","18.6508"
"1670792400000","1449.1049","21.29","2022-12-12","18.6428"
"1670878800000","1476.364","21.29","2022-12-13","18.6198"
"1670965200000","1501.9426","21.29","2022-12-14","18.6299"
"1671051600000","1472.0719","21.29","2022-12-15","18.6409"
"1671138000000","1452.2526","21.29","2022-12-16","18.6857"
"1671397200000","1453.8922","22.99","2022-12-19","18.6516"
"1671483600000","1466.67","22.25","2022-12-20","18.6623"
"1671570000000","1494.144","22.25","2022-12-21","18.6698"
"1671656400000","1476.6674","22.25","2022-12-22","18.666"
"1671742800000","1526.5173","22.27","2022-12-23","18.6593"
"1672088400000","1535.1587","22.27","2022-12-27","18.7032"
"1672174800000","1524.5156","22.3","2022-12-28","18.7126"
"1672261200000","1508.3599","22.3","2022-12-29","18.7095"
"1672347600000","1544.8846","22.3","2022-12-30","18.71"
"1672606800000","1545.3058","22.3","2023-01-02","18.7151"
"1672693200000","1495.4973","22.31","2023-01-03","18.7218"
"1672779600000","1439.6929","22.32","2023-01-04","18.746"
"1672866000000","1454.804","22.32","2023-01-05","18.7644"
"1672952400000","1452.026","22.35","2023-01-06","18.7165"
"1673211600000","1477.0021","22.35","2023-01-09","18.7532"
"1673298000000","1480.9799","22.34","2023-01-10","18.7751"
"1673384400000","1518.9623","22.34","2023-01-11","18.7758"
"1673470800000","1539.8623","22.34","2023-01-12","18.7811"
"1673557200000","1563.0304","22.34","2023-01-13","18.7932"
"1673816400000","1546.905","22.37","2023-01-16","18.7868"
"1673902800000","1565.404","22.37","2023-01-17","18.7496"
"1673989200000","1557.7839","23.42","2023-01-18","18.7617"
"1674075600000","1574.0204","23.42","2023-01-19","18.7562"
"1674162000000","1596.5927","23.45","2023-01-20","18.7724"
"1674421200000","1610.1874","23.45","2023-01-23","18.8106"
"1674507600000","1580.1989","23.49","2023-01-24","18.8007"
"1674594000000","1575.694","23.49","2023-01-25","18.7963"
"1674680400000","1589.4789","24.31","2023-01-26","18.8015"
"1674766800000","1566.6445","23.7","2023-01-27","18.805"
"1675026000000","1534.2688","23.73","2023-01-30","18.7908"
"1675112400000","1558.0618","23.73","2023-01-31","18.8149"
"1675198800000","1512.6531","23.73","2023-02-01","18.8024"
"1675285200000","1507.333","22.73","2023-02-02","18.8064"
"1675371600000","1464.7406","22.13","2023-02-03","18.827"
"1675630800000","1481.886","21.45","2023-02-06","18.8176"
"1675717200000","1525.3789","21.45","2023-02-07","18.8179"
"1675803600000","1547.457","20.29","2023-02-08","18.8278"
"1675890000000","1535.3248","20.29","2023-02-09","18.8291"
"1675976400000","1565.358","20.29","2023-02-10","18.8144"
"1676235600000","1574.1359","20.29","2023-02-13","18.8429"
"1676322000000","1561.3536","21.56","2023-02-14","18.841"
"1676408400000","1557.2166","21.56","2023-02-15","18.8525"
"1676494800000","1553.8055","21.56","2023-02-16","18.85"
"1676581200000","1516.4603","21.56","2023-02-17","18.831"
"1676840400000","1541.1315","21.59","2023-02-20","18.8841"
"1676926800000","1522.2589","21.59","2023-02-21","18.8702"
"1677013200000","1484.8854","21.63","2023-02-22","18.8509"
"1677099600000","1507.3373","21.63","2023-02-23","18.8535"
"1677186000000","1521.6542","21","2023-02-24","18.8744"
"1677445200000","1507.1001","21","2023-02-27","18.8836"
"1677531600000","1527.5024","21","2023-02-28","18.8837"
"1677618000000","1542.634","21.05","2023-03-01","18.884"
"1677704400000","1548.4307","21.05","2023-03-02","18.8603"
"1677790800000","1566.1696","21.05","2023-03-03","18.7993"
"1678050000000","1582.4888","21.95","2023-03-06","18.8999"
"1678136400000","1536.3097","21.95","2023-03-07","18.9224"
"1678222800000","1525.9354","21.95","2023-03-08","18.9369"
"1678309200000","1495.2148","22.01","2023-03-09","18.8101"
"1678395600000","1526.363","22.01","2023-03-10","18.9681"
"1678654800000","1493.367","22.01","2023-03-13","18.9658"
"1678741200000","1437.2502","22.01","2023-03-14","18.9736"
"1678827600000","1373.2174","21.34","2023-03-15","18.9907"
"1678914000000","1392.7593","21.34","2023-03-16","19.0034"
"1679000400000","1369.564","20.01","2023-03-17","19.0138"
"1679259600000","1385.558","20.01","2023-03-20","19.0115"
"1679346000000","1410.5431","20.89","2023-03-21","19.0331"
"1679432400000","1434.9072","20.89","2023-03-22","19.0407"
"1679518800000","1420.2089","20.89","2023-03-23","19.0351"
"1679605200000","1407.6599","20.89","2023-03-24","19.0714"
"1679864400000","1467.3562","20.92","2023-03-27","19.0888"
"1679950800000","1473.5245","20.92","2023-03-28","19.1193"
"1680037200000","1465.412","20.92","2023-03-29","19.1382"
"1680123600000","1486.2543","20.92","2023-03-30","19.175"
"1680210000000","1509.6814","20.86","2023-03-31","19.1803"
"1680469200000","1587.3422","20.86","2023-04-03","19.1963"
"1680555600000","1589.3018","20.85","2023-04-04","19.22"
"1680642000000","1593.4796","20.85","2023-04-05","19.2519"
"1680728400000","1592.9","20.85","2023-04-06","19.2542"
"1681074000000","1579.853","20.85","2023-04-10","19.2665"
"1681160400000","1607.1027","21.53","2023-04-11","19.2999"
"1681246800000","1635.0317","21.5","2023-04-12","19.3152"
"1681333200000","1620.9457","21.5","2023-04-13","19.3338"
"1681419600000","1627.7378","21.5","2023-04-14","19.364"
"1681678800000","1606.2607","21.5","2023-04-17","19.3946"
"1681765200000","1607.6284","21.5","2023-04-18","19.3994"
"1681851600000","1577.8983","21.5","2023-04-19","19.3988"
"1681938000000","1541.9054","21.5","2023-04-20","19.4048"
"1682024400000","1556.632","20.59","2023-04-21","19.3997"
"1682283600000","1576.5231","20.59","2023-04-24","19.3962"
"1682370000000","1541.0845","20.11","2023-04-25","19.4287"
"1682456400000","1491.6611","20.13","2023-04-26","19.4252"
"1682542800000","1497.8383","20.13","2023-04-27","19.4373"
"1682629200000","1536.2795","20.13","2023-04-28","19.4515"
"1682888400000","1518.2384","20.13","2023-05-01","19.4621"
"1682974800000","1446.1292","20.13","2023-05-02","19.466"
"1683061200000","1394.961","20.13","2023-05-03","19.4691"
"1683147600000","1396.3944","18.83","2023-05-04","19.4728"
"1683234000000","1451.3397","18.34","2023-05-05","19.5125"
"1683493200000","1484.0546","18.34","2023-05-08","19.5065"
"1683579600000","1495.1133","19.01","2023-05-09","19.521"
"1683666000000","1478.6096","19.01","2023-05-10","19.5454"
"1683752400000","1450.605","19.01","2023-05-11","19.5816"
"1683838800000","1433.1718","19.01","2023-05-12","19.5842"
"1684098000000","1462.1047","19.01","2023-05-15","19.6731"
"1684184400000","1460.3453","19.01","2023-05-16","19.7264"
"1684270800000","1503.6732","19.01","2023-05-17","19.7462"
"1684357200000","1490.175","19.01","2023-05-18","19.7951"
"1684443600000","1482.9656","19.77","2023-05-19","19.8125"
"1684702800000","1489.8774","19.77","2023-05-22","19.8122"
"1684789200000","1509.3512","19.77","2023-05-23","19.839"
"1684875600000","1542.3998","19.78","2023-05-24","19.8968"
"1684962000000","1505.3976","19.78","2023-05-25","19.9364"
"1685048400000","1525.6764","19.78","2023-05-26","19.9722"
"1685307600000","1538.545","19.78","2023-05-29","20.1117"
"1685394000000","1498.3591","19.78","2023-05-30","20.461"
"1685480400000","1499.0162","19.78","2023-05-31","20.762"
"1685566800000","1538.1791","19.78","2023-06-01","20.8087"
"1685653200000","1582.8981","19.78","2023-06-02","20.9295"
"1685912400000","1617.3242","19.78","2023-06-05","21.261"
"1685998800000","1636.6609","19.78","2023-06-06","21.6175"
"1686085200000","1778.27","21.14","2023-06-07","23.2484"
"1686171600000","1745.8998","21.14","2023-06-08","23.1245"
"1686258000000","1744.3695","22.51","2023-06-09","23.4175"
"1686517200000","1692.975","22.51","2023-06-12","23.635"
"1686603600000","1749.6334","22.66","2023-06-13","23.6405"
"1686690000000","1719.4775","22.66","2023-06-14","23.5674"
"1686776400000","1786.1307","22.66","2023-06-15","23.6699"
"1686862800000","1804.5548","22.67","2023-06-16","23.6322"
"1687122000000","1789.9207","22.67","2023-06-19","23.6075"
"1687208400000","1782.9847","24.31","2023-06-20","23.5751"
"1687294800000","1812.7124","24.31","2023-06-21","23.5754"
"1687381200000","1849.1327","24.36","2023-06-22","24.9075"
"1687467600000","1865.9573","24.36","2023-06-23","25.2361"
"1687726800000","1926.9786","24.36","2023-06-26","25.9386"
"1687813200000","1889.1453","24.4","2023-06-27","26.0177"
"1687899600000","1935.515","24.4","2023-06-28","26.05"
"1687986000000","1939.5338","24.4","2023-06-29","26.041"
"1688072400000","1958.8918","24.4","2023-06-30","26.0145"
"1688331600000","1932.4445","24.4","2023-07-03","25.9493"
"1688418000000","1977.2773","24.4","2023-07-04","25.9997"
"1688504400000","1993.2849","24.4","2023-07-05","26.0867"
"1688590800000","1989.1743","25.27","2023-07-06","26.0978"
"1688677200000","2035.202","25.37","2023-07-07","26.0656"
"1688936400000","2018.5378","25.8","2023-07-10","26.0793"
"1689022800000","2064.7786","25.8","2023-07-11","26.1133"
"1689109200000","2085.7505","26.87","2023-07-12","26.1405"
"1689195600000","2110.057","26.87","2023-07-13","26.0533"
"1689282000000","2083.14","26.93","2023-07-14","26.1701"
"1689541200000","2064.5684","26.93","2023-07-17","26.3405"
"1689627600000","2140.7522","32.93","2023-07-18","26.9277"
"1689714000000","2127.0242","32.94","2023-07-19","26.8056"
"1689800400000","2128.3367","32.94","2023-07-20","26.7648"
"1689886800000","2182.191","34.49","2023-07-21","26.9806"
"1690146000000","2223.7764","34.49","2023-07-24","26.9614"
"1690232400000","2241.2566","34.49","2023-07-25","26.922"
"1690318800000","2224.2986","34.49","2023-07-26","26.9416"
"1690405200000","2258.3752","34.49","2023-07-27","26.9528"
"1690491600000","2272.157","35.92","2023-07-28","26.9181"
"1690750800000","2300.8606","35.92","2023-07-31","26.9327"
"1690837200000","2289.6238","36.99","2023-08-01","26.9653"
"1690923600000","2243.1384","36.99","2023-08-02","26.9608"
"1691010000000","2296.9495","37.03","2023-08-03","26.9785"
"1691096400000","2325.384","37.08","2023-08-04","26.9641"
"1691355600000","2303.301","37.08","2023-08-07","26.9897"
"1691442000000","2327.038","37.08","2023-08-08","27.0052"
"1691528400000","2364.8743","37.1","2023-08-09","27.0117"
"1691614800000","2335.6426","37.1","2023-08-10","27.0329"
"1691701200000","2345.7278","38.9","2023-08-11","27.0214"
"1691960400000","2331.489","38.9","2023-08-14","27.0443"
"1692046800000","2297.4036","38.9","2023-08-15","27.0633"
"1692133200000","2258.8745","38.9","2023-08-16","27.0686"
"1692219600000","2280.1147","38.97","2023-08-17","27.1055"
"1692306000000","2299.9033","37.45","2023-08-18","27.1215"
"1692565200000","2294.0012","37.45","2023-08-21","27.1608"
"1692651600000","2285.2632","38.44","2023-08-22","27.1958"
"1692738000000","2263.2954","38.5","2023-08-23","27.1998"
"1692824400000","2152.5469","38.5","2023-08-24","25.8223"
"1692910800000","2242.4204","38.5","2023-08-25","26.5438"
"1693170000000","2246.2793","38.5","2023-08-28","26.5079"
"1693256400000","2258.1985","38.5","2023-08-29","26.5952"
"1693342800000","2277.1182","38.5","2023-08-30","26.7142"
"1693429200000","2318.0833","38.5","2023-08-31","26.6968"
"1693515600000","2366.8176","38.5","2023-09-01","26.7286"
