"timestamp","brentoilprice","fuelprice","date_column"
"1535317200000","65.49","6.31","2018-08-27"
"1535403600000","65.14","6.31","2018-08-28"
"1535490000000","65.33","6.31","2018-08-29"
"1535576400000","65.31","6.31","2018-08-30"
"1535662800000","64.69","6.31","2018-08-31"
"1535922000000","64.95","6.31","2018-09-03"
"1536008400000","64.97","6.31","2018-09-04"
"1536094800000","64.44","6.3","2018-09-05"
"1536181200000","63.98","6.3","2018-09-06"
"1536267600000","64.15","6.3","2018-09-07"
"1536526800000","64.22","6.32","2018-09-10"
"1536613200000","64.76","6.32","2018-09-11"
"1536699600000","65.46","6.32","2018-09-12"
"1536786000000","64.63","6.32","2018-09-13"
"1536872400000","64.68","6.32","2018-09-14"
"1537131600000","65.2","6.32","2018-09-17"
"1537218000000","65.41","6.32","2018-09-18"
"1537304400000","65.4","6.32","2018-09-19"
"1537390800000","65.02","6.32","2018-09-20"
"1537477200000","64.85","6.32","2018-09-21"
"1537736400000","65.64","6.32","2018-09-24"
"1537822800000","65.93","6.32","2018-09-25"
"1537909200000","65.84","6.32","2018-09-26"
"1537995600000","66.38","6.32","2018-09-27"
"1538082000000","66.78","6.32","2018-09-28"
"1538341200000","67.81","6.32","2018-10-01"
"1538427600000","67.86","6.32","2018-10-02"
"1538514000000","68.9","6.32","2018-10-03"
"1538600400000","67.95","6.32","2018-10-04"
"1538686800000","68.28","6.32","2018-10-05"
"1538946000000","68.23","6.32","2018-10-08"
"1539032400000","68.65","6.32","2018-10-09"
"1539118800000","67.26","6.32","2018-10-10"
"1539205200000","65.67","6.32","2018-10-11"
"1539291600000","65.46","6.32","2018-10-12"
"1539550800000","65","6.32","2018-10-15"
"1539637200000","64.81","6.32","2018-10-16"
"1539723600000","64.26","6.34","2018-10-17"
"1539810000000","63.77","6.34","2018-10-18"
"1539896400000","64.23","6.34","2018-10-19"
"1540155600000","65.33","6.34","2018-10-22"
"1540242000000","64.64","6.34","2018-10-23"
"1540328400000","64.5","6.36","2018-10-24"
"1540414800000","64.63","6.36","2018-10-25"
"1540501200000","65.76","6.36","2018-10-26"
"1540760400000","66.13","6.36","2018-10-29"
"1540846800000","64.92","6.36","2018-10-30"
"1540933200000","64.53","6.36","2018-10-31"
"1541019600000","63.18","6.36","2018-11-01"
"1541106000000","63.74","6.36","2018-11-02"
"1541365200000","64.34","6.36","2018-11-05"
"1541451600000","65.01","6.36","2018-11-06"
"1541538000000","67.46","6.36","2018-11-07"
"1541624400000","67.15","6.39","2018-11-08"
"1541710800000","66.69","6.39","2018-11-09"
"1541970000000","66.39","6.39","2018-11-12"
"1542056400000","64.69","6.39","2018-11-13"
"1542142800000","65.46","6.39","2018-11-14"
"1542229200000","64.06","6.39","2018-11-15"
"1542315600000","64","6.39","2018-11-16"
"1542574800000","64.27","6.39","2018-11-19"
"1542661200000","61.7","6.39","2018-11-20"
"1542747600000","62.89","6.39","2018-11-21"
"1542834000000","63.31","6.39","2018-11-22"
"1542920400000","62.05","6.39","2018-11-23"
"1543179600000","62.09","6.26","2018-11-26"
"1543266000000","62.62","6.29","2018-11-27"
"1543352400000","62.56","6.09","2018-11-28"
"1543438800000","63.12","6.09","2018-11-29"
"1543525200000","61.65","6.04","2018-11-30"
"1543784400000","63.06","6.04","2018-12-03"
"1543870800000","63.2","6.04","2018-12-04"
"1543957200000","62.72","6.04","2018-12-05"
"1544043600000","62.04","5.96","2018-12-06"
"1544130000000","61.63","5.96","2018-12-07"
"1544389200000","60.17","5.96","2018-12-10"
"1544475600000","60.38","5.96","2018-12-11"
"1544562000000","60.4","5.96","2018-12-12"
"1544648400000","61.08","5.96","2018-12-13"
"1544734800000","60.47","5.96","2018-12-14"
"1544994000000","60.57","5.96","2018-12-17"
"1545080400000","59.16","5.96","2018-12-18"
"1545166800000","59.96","5.96","2018-12-19"
"1545253200000","59.08","5.96","2018-12-20"
"1545339600000","59.11","5.96","2018-12-21"
"1545598800000","57.87","5.96","2018-12-24"
"1545771600000","60.69","5.96","2018-12-26"
"1545858000000","59.14","5.71","2018-12-27"
"1545944400000","58.99","5.71","2018-12-28"
"1546203600000","59.65","5.71","2018-12-31"
"1546376400000","60.31","5.71","2019-01-02"
"1546462800000","60.69","5.71","2019-01-03"
"1546549200000","60.81","5.71","2019-01-04"
"1546808400000","60.79","5.71","2019-01-07"
"1546894800000","61.82","5.71","2019-01-08"
"1546981200000","63.09","5.71","2019-01-09"
"1547067600000","62.84","5.89","2019-01-10"
"1547154000000","61.9","5.89","2019-01-11"
"1547413200000","61.38","5.89","2019-01-14"
"1547499600000","62.13","5.89","2019-01-15"
"1547586000000","62.37","6.09","2019-01-16"
"1547672400000","61.67","6.09","2019-01-17"
"1547758800000","61.29","6.09","2019-01-18"
"1548018000000","61.75","6.09","2019-01-21"
"1548104400000","61.55","6.09","2019-01-22"
"1548190800000","61.45","6.09","2019-01-23"
"1548277200000","61.47","6.09","2019-01-24"
"1548363600000","61.64","6.09","2019-01-25"
"1548622800000","61.12","6.09","2019-01-28"
"1548709200000","61.7","6.09","2019-01-29"
"1548795600000","61.29","6.09","2019-01-30"
"1548882000000","60.51","6.09","2019-01-31"
"1548968400000","61.83","6.09","2019-02-01"
"1549227600000","61.39","6.09","2019-02-04"
"1549314000000","60.9","6.09","2019-02-05"
"1549400400000","60.68","6.09","2019-02-06"
"1549486800000","60.32","6.09","2019-02-07"
"1549573200000","60.18","6.09","2019-02-08"
"1549832400000","60.05","6.09","2019-02-11"
"1549918800000","60.18","6.09","2019-02-12"
"1550005200000","60.68","6.09","2019-02-13"
"1550091600000","61.08","6.09","2019-02-14"
"1550178000000","61.44","6.09","2019-02-15"
"1550437200000","61.62","6.09","2019-02-18"
"1550523600000","61.78","6.09","2019-02-19"
"1550610000000","61.61","6.09","2019-02-20"
"1550696400000","61.57","6.09","2019-02-21"
"1550782800000","61.42","6.09","2019-02-22"
"1551042000000","60.61","6.09","2019-02-25"
"1551128400000","60.48","6.09","2019-02-26"
"1551214800000","60.78","6.36","2019-02-27"
"1551301200000","60.63","6.36","2019-02-28"
"1551387600000","60.07","6.36","2019-03-01"
"1551646800000","61.1","6.36","2019-03-04"
"1551733200000","61.15","6.36","2019-03-05"
"1551819600000","60.94","6.36","2019-03-06"
"1551906000000","60.8","6.36","2019-03-07"
"1551992400000","60.82","6.36","2019-03-08"
"1552251600000","60.9","6.36","2019-03-11"
"1552338000000","61.05","6.36","2019-03-12"
"1552424400000","61.56","6.36","2019-03-13"
"1552510800000","61.04","6.36","2019-03-14"
"1552597200000","61.01","6.36","2019-03-15"
"1552856400000","61.05","6.36","2019-03-18"
"1552942800000","60.99","6.36","2019-03-19"
"1553029200000","61.03","6.36","2019-03-20"
"1553115600000","61.03","6.36","2019-03-21"
"1553202000000","60.69","6.36","2019-03-22"
"1553461200000","60.77","6.36","2019-03-25"
"1553547600000","60.69","6.36","2019-03-26"
"1553634000000","60.49","6.36","2019-03-27"
"1553720400000","60.62","6.36","2019-03-28"
"1553806800000","60.56","6.36","2019-03-29"
"1554066000000","60.79","6.36","2019-04-01"
"1554152400000","60.51","6.36","2019-04-02"
"1554238800000","60.79","6.36","2019-04-03"
"1554325200000","60.69","6.36","2019-04-04"
"1554411600000","60.64","6.36","2019-04-05"
"1554670800000","60.6","6.36","2019-04-08"
"1554757200000","60.82","6.36","2019-04-09"
"1554843600000","61.03","6.36","2019-04-10"
"1554930000000","60.99","6.43","2019-04-11"
"1555016400000","61.41","6.43","2019-04-12"
"1555275600000","61.97","6.43","2019-04-15"
"1555362000000","61.95","6.43","2019-04-16"
"1555448400000","61.76","6.43","2019-04-17"
"1555534800000","61.64","6.43","2019-04-18"
"1555880400000","61.77","6.43","2019-04-22"
"1555966800000","62.02","6.43","2019-04-23"
"1556053200000","61.96","6.46","2019-04-24"
"1556139600000","61.58","6.46","2019-04-25"
"1556226000000","61.23","6.46","2019-04-26"
"1556485200000","61.09","6.46","2019-04-29"
"1556571600000","61","6.46","2019-04-30"
"1556658000000","61.32","6.46","2019-05-01"
"1556744400000","60.34","6.46","2019-05-02"
"1556830800000","60.14","6.46","2019-05-03"
"1557090000000","60.71","6.46","2019-05-06"
"1557176400000","59.85","6.46","2019-05-07"
"1557262800000","60.42","6.46","2019-05-08"
"1557349200000","59.95","6.46","2019-05-09"
"1557435600000","59.72","6.46","2019-05-10"
"1557694800000","59.51","6.49","2019-05-13"
"1557781200000","59.84","6.49","2019-05-14"
"1557867600000","60.03","6.49","2019-05-15"
"1557954000000","60.06","6.49","2019-05-16"
"1558040400000","59.74","6.49","2019-05-17"
"1558299600000","60.12","6.49","2019-05-20"
"1558386000000","60.14","6.49","2019-05-21"
"1558472400000","59.72","6.49","2019-05-22"
"1558558800000","58.52","6.49","2019-05-23"
"1558645200000","59.78","6.49","2019-05-24"
"1558904400000","60.82","6.49","2019-05-27"
"1558990800000","60.3","6.49","2019-05-28"
"1559077200000","60.49","6.49","2019-05-29"
"1559163600000","59.32","6.49","2019-05-30"
"1559250000000","58.19","6.49","2019-05-31"
"1559509200000","58.51","6.49","2019-06-03"
"1559595600000","58.33","6.49","2019-06-04"
"1559682000000","57.04","6.48","2019-06-05"
"1559768400000","57.87","6.48","2019-06-06"
"1559854800000","58.87","6.48","2019-06-07"
"1560114000000","59.29","6.27","2019-06-10"
"1560200400000","59.74","6.27","2019-06-11"
"1560286800000","58.47","6.27","2019-06-12"
"1560373200000","59.1","6.27","2019-06-13"
"1560459600000","59.18","6.29","2019-06-14"
"1560718800000","58.91","6.29","2019-06-17"
"1560805200000","59.66","6.29","2019-06-18"
"1560891600000","59.3","6.29","2019-06-19"
"1560978000000","60.3","6.29","2019-06-20"
"1561064400000","60.27","6.29","2019-06-21"
"1561323600000","60.47","6.29","2019-06-24"
"1561410000000","60.75","6.29","2019-06-25"
"1561496400000","60.93","6.51","2019-06-26"
"1561582800000","60.77","6.51","2019-06-27"
"1561669200000","60.25","6.51","2019-06-28"
"1561928400000","60.31","6.51","2019-07-01"
"1562014800000","59.21","6.51","2019-07-02"
"1562101200000","60.06","6.51","2019-07-03"
"1562187600000","59.76","6.51","2019-07-04"
"1562274000000","59.65","6.51","2019-07-05"
"1562533200000","60.03","6.51","2019-07-08"
"1562619600000","60.65","6.51","2019-07-09"
"1562706000000","61.34","6.35","2019-07-10"
"1562792400000","60.65","6.35","2019-07-11"
"1562878800000","60.13","6.35","2019-07-12"
"1563138000000","59.8","6.35","2019-07-15"
"1563224400000","58.81","6.35","2019-07-16"
"1563310800000","58.87","6.35","2019-07-17"
"1563397200000","57.85","6.51","2019-07-18"
"1563483600000","58.96","6.57","2019-07-19"
"1563742800000","59.03","6.57","2019-07-22"
"1563829200000","58.9","6.57","2019-07-23"
"1563915600000","58.4","6.43","2019-07-24"
"1564002000000","58.58","6.43","2019-07-25"
"1564088400000","58.97","6.43","2019-07-26"
"1564347600000","58.23","6.43","2019-07-29"
"1564434000000","58.54","6.43","2019-07-30"
"1564520400000","58.66","6.43","2019-07-31"
"1564606800000","56.76","6.43","2019-08-01"
"1564693200000","58.28","6.43","2019-08-02"
"1564952400000","58.14","6.43","2019-08-05"
"1565038800000","57.86","6.43","2019-08-06"
"1565125200000","57.39","6.43","2019-08-07"
"1565211600000","57.51","6.43","2019-08-08"
"1565298000000","58.07","6.43","2019-08-09"
"1565557200000","58.01","6.09","2019-08-12"
"1565643600000","59.57","6.09","2019-08-13"
"1565730000000","58.07","6.09","2019-08-14"
"1565816400000","57.32","6.09","2019-08-15"
"1565902800000","57.25","6.09","2019-08-16"
"1566162000000","57.3","6.09","2019-08-19"
"1566248400000","57.09","6.09","2019-08-20"
"1566334800000","57.25","6.27","2019-08-21"
"1566421200000","57.07","6.27","2019-08-22"
"1566507600000","56.9","6.27","2019-08-23"
"1566766800000","56.89","6.27","2019-08-26"
"1566853200000","57.4","6.27","2019-08-27"
"1566939600000","57.46","6.38","2019-08-28"
"1567026000000","57.41","6.38","2019-08-29"
"1567112400000","56.49","6.38","2019-08-30"
"1567371600000","56.74","6.38","2019-09-02"
"1567458000000","56.74","6.38","2019-09-03"
"1567544400000","57.55","6.38","2019-09-04"
"1567630800000","57.69","6.38","2019-09-05"
"1567717200000","57.71","6.38","2019-09-06"
"1567976400000","57.91","6.38","2019-09-09"
"1568062800000","58.14","6.38","2019-09-10"
"1568149200000","57.49","6.38","2019-09-11"
"1568235600000","57.23","6.38","2019-09-12"
"1568322000000","56.66","6.38","2019-09-13"
"1568581200000","57.92","6.38","2019-09-16"
"1568667600000","57.72","6.38","2019-09-17"
"1568754000000","57.13","6.45","2019-09-18"
"1568840400000","56.97","6.57","2019-09-19"
"1568926800000","57.3","6.57","2019-09-20"
"1569186000000","58.03","6.57","2019-09-23"
"1569272400000","57.46","6.57","2019-09-24"
"1569358800000","57.33","6.57","2019-09-25"
"1569445200000","57.46","6.57","2019-09-26"
"1569531600000","57.18","6.57","2019-09-27"
"1569790800000","56.63","6.57","2019-09-30"
"1569877200000","56.82","6.57","2019-10-01"
"1569963600000","56.85","6.57","2019-10-02"
"1570050000000","56.33","6.57","2019-10-03"
"1570136400000","57.06","6.49","2019-10-04"
"1570395600000","56.82","6.49","2019-10-07"
"1570482000000","56.87","6.49","2019-10-08"
"1570568400000","56.81","6.49","2019-10-09"
"1570654800000","56.5","6.49","2019-10-10"
"1570741200000","56.97","6.49","2019-10-11"
"1571000400000","56.99","6.49","2019-10-14"
"1571086800000","56.46","6.49","2019-10-15"
"1571173200000","56.69","6.49","2019-10-16"
"1571259600000","56.62","6.49","2019-10-17"
"1571346000000","56.46","6.49","2019-10-18"
"1571605200000","56.66","6.49","2019-10-21"
"1571691600000","56.65","6.49","2019-10-22"
"1571778000000","57.11","6.59","2019-10-23"
"1571864400000","57.28","6.59","2019-10-24"
"1571950800000","57.46","6.59","2019-10-25"
"1572210000000","57.19","6.59","2019-10-28"
"1572296400000","57.3","6.59","2019-10-29"
"1572382800000","56.49","6.59","2019-10-30"
"1572469200000","56.42","6.59","2019-10-31"
"1572555600000","57.73","6.59","2019-11-01"
"1572814800000","57.52","6.59","2019-11-04"
"1572901200000","57.82","6.59","2019-11-05"
"1572987600000","56.99","6.59","2019-11-06"
"1573074000000","56.99","6.59","2019-11-07"
"1573160400000","57.21","6.59","2019-11-08"
"1573419600000","57.06","6.59","2019-11-11"
"1573506000000","57.21","6.59","2019-11-12"
"1573592400000","57.38","6.59","2019-11-13"
"1573678800000","57","6.59","2019-11-14"
"1573765200000","57.41","6.59","2019-11-15"
"1574024400000","56.97","6.59","2019-11-18"
"1574110800000","56.5","6.59","2019-11-19"
"1574197200000","57.18","6.59","2019-11-20"
"1574283600000","57.64","6.59","2019-11-21"
"1574370000000","57.16","6.59","2019-11-22"
"1574629200000","57.2","6.59","2019-11-25"
"1574715600000","57.4","6.59","2019-11-26"
"1574802000000","56.93","6.53","2019-11-27"
"1574888400000","57.3","6.53","2019-11-28"
"1574974800000","55.63","6.53","2019-11-29"
"1575234000000","56.4","6.53","2019-12-02"
"1575320400000","56.45","6.53","2019-12-03"
"1575406800000","57.11","6.53","2019-12-04"
"1575493200000","56.79","6.53","2019-12-05"
"1575579600000","56.55","6.53","2019-12-06"
"1575838800000","56.63","6.53","2019-12-09"
"1575925200000","56.74","6.53","2019-12-10"
"1576011600000","56.49","6.53","2019-12-11"
"1576098000000","56.69","6.53","2019-12-12"
"1576184400000","56.67","6.53","2019-12-13"
"1576443600000","57.03","6.53","2019-12-16"
"1576530000000","56.73","6.53","2019-12-17"
"1576616400000","56.61","6.53","2019-12-18"
"1576702800000","56.5","6.53","2019-12-19"
"1576789200000","56.49","6.53","2019-12-20"
"1577048400000","56.51","6.53","2019-12-23"
"1577134800000","56.74","6.53","2019-12-24"
"1577307600000","56.74","6.59","2019-12-26"
"1577394000000","57.01","6.59","2019-12-27"
"1577653200000","57.05","6.59","2019-12-30"
"1577739600000","56.66","6.59","2019-12-31"
"1577912400000","57.07","6.59","2020-01-02"
"1577998800000","56.71","6.59","2020-01-03"
"1578258000000","56.7","6.59","2020-01-06"
"1578344400000","57.1","6.59","2020-01-07"
"1578430800000","56.33","6.59","2020-01-08"
"1578517200000","56.56","6.59","2020-01-09"
"1578603600000","56.48","6.59","2020-01-10"
"1578862800000","56.46","6.59","2020-01-13"
"1578949200000","56.42","6.59","2020-01-14"
"1579035600000","56.29","6.59","2020-01-15"
"1579122000000","56.46","6.59","2020-01-16"
"1579208400000","56.5","6.64","2020-01-17"
"1579467600000","56.52","6.64","2020-01-20"
"1579554000000","56.82","6.64","2020-01-21"
"1579640400000","56.26","6.64","2020-01-22"
"1579726800000","55.26","6.64","2020-01-23"
"1579813200000","54.59","6.64","2020-01-24"
"1580072400000","54.75","6.64","2020-01-27"
"1580158800000","54.89","6.64","2020-01-28"
"1580245200000","54.79","6.43","2020-01-29"
"1580331600000","54.99","6.43","2020-01-30"
"1580418000000","55.03","6.43","2020-01-31"
"1580677200000","55.26","6.43","2020-02-03"
"1580763600000","55.07","6.43","2020-02-04"
"1580850000000","55.42","6.43","2020-02-05"
"1580936400000","56","6.43","2020-02-06"
"1581022800000","56.19","6.43","2020-02-07"
"1581282000000","56.21","6.43","2020-02-10"
"1581368400000","55.9","6.43","2020-02-11"
"1581454800000","55.85","6.43","2020-02-12"
"1581541200000","55.47","6.43","2020-02-13"
"1581627600000","55.56","6.43","2020-02-14"
"1581886800000","55.94","6.43","2020-02-17"
"1581973200000","56.15","6.43","2020-02-18"
"1582059600000","56.35","6.43","2020-02-19"
"1582146000000","56.5","6.43","2020-02-20"
"1582232400000","56.42","6.43","2020-02-21"
"1582491600000","56.43","6.43","2020-02-24"
"1582578000000","55.16","6.43","2020-02-25"
"1582664400000","54.73","6.43","2020-02-26"
"1582750800000","54.61","6.43","2020-02-27"
"1582837200000","53.24","6.43","2020-02-28"
"1583096400000","54.08","6.3","2020-03-02"
"1583182800000","54.36","6.3","2020-03-03"
"1583269200000","54.48","6.3","2020-03-04"
"1583355600000","54.14","6.3","2020-03-05"
"1583442000000","53.71","6.3","2020-03-06"
"1583701200000","50.3","6.3","2020-03-09"
"1583787600000","51.38","6.3","2020-03-10"
"1583874000000","51.59","6.3","2020-03-11"
"1583960400000","51.67","5.78","2020-03-12"
"1584046800000","50.6","5.78","2020-03-13"
"1584306000000","48.03","5.78","2020-03-16"
"1584392400000","47.68","5.78","2020-03-17"
"1584478800000","44.68","5.78","2020-03-18"
"1584565200000","44.59","5.78","2020-03-19"
"1584651600000","43.66","5.51","2020-03-20"
"1584910800000","44.9","5.31","2020-03-23"
"1584997200000","45.48","5.42","2020-03-24"
"1585083600000","46.58","5.42","2020-03-25"
"1585170000000","45.84","5.42","2020-03-26"
"1585256400000","46.38","5.42","2020-03-27"
"1585515600000","46.44","5.42","2020-03-30"
"1585602000000","46.33","5.42","2020-03-31"
"1585688400000","45.23","5.48","2020-04-01"
"1585774800000","45.53","5.4","2020-04-02"
"1585861200000","44.94","5.4","2020-04-03"
"1586120400000","46.1","5.4","2020-04-06"
"1586206800000","47","5.4","2020-04-07"
"1586293200000","46.49","5.4","2020-04-08"
"1586379600000","46.69","5.4","2020-04-09"
"1586725200000","46.93","5.55","2020-04-13"
"1586811600000","47.64","5.46","2020-04-14"
"1586898000000","45.94","5.39","2020-04-15"
"1586984400000","46","5.39","2020-04-16"
"1587070800000","45.93","5.39","2020-04-17"
"1587330000000","46.08","5.17","2020-04-20"
"1587416400000","43.22","5.28","2020-04-21"
"1587502800000","44.46","5.28","2020-04-22"
"1587589200000","43.89","5.28","2020-04-23"
"1587675600000","43.69","4.87","2020-04-24"
"1587934800000","43.49","4.87","2020-04-27"
"1588021200000","43.66","4.87","2020-04-28"
"1588107600000","43.55","4.87","2020-04-29"
"1588194000000","44.72","4.87","2020-04-30"
"1588280400000","43.78","4.87","2020-05-01"
"1588539600000","43.16","4.87","2020-05-04"
"1588626000000","43.89","4.87","2020-05-05"
"1588712400000","43.36","5.07","2020-05-06"
"1588798800000","43.73","5.07","2020-05-07"
"1588885200000","45.47","5.34","2020-05-08"
"1589144400000","44.34","5.27","2020-05-11"
"1589230800000","44.19","5.4","2020-05-12"
"1589317200000","44.42","5.4","2020-05-13"
"1589403600000","44.73","5.4","2020-05-14"
"1589490000000","44.78","5.4","2020-05-15"
"1589749200000","46.21","5.28","2020-05-18"
"1589835600000","45.78","5.39","2020-05-19"
"1589922000000","46.45","5.47","2020-05-20"
"1590008400000","46.23","5.47","2020-05-21"
"1590094800000","46.01","5.59","2020-05-22"
"1590354000000","46.51","5.59","2020-05-25"
"1590440400000","47.32","5.59","2020-05-26"
"1590526800000","47.06","5.59","2020-05-27"
"1590613200000","47.7","5.59","2020-05-28"
"1590699600000","47.93","5.59","2020-05-29"
"1590958800000","48.09","5.59","2020-06-01"
"1591045200000","48.42","5.59","2020-06-02"
"1591131600000","48.55","5.59","2020-06-03"
"1591218000000","49.11","5.59","2020-06-04"
"1591304400000","49.6","5.39","2020-06-05"
"1591563600000","48.37","5.39","2020-06-08"
"1591650000000","49","5.39","2020-06-09"
"1591736400000","49","5.71","2020-06-10"
"1591822800000","46.97","5.71","2020-06-11"
"1591909200000","46.74","5.71","2020-06-12"
"1592168400000","47.72","5.71","2020-06-15"
"1592254800000","48.16","5.71","2020-06-16"
"1592341200000","47.37","5.71","2020-06-17"
"1592427600000","47.17","5.71","2020-06-18"
"1592514000000","47.29","5.71","2020-06-19"
"1592773200000","47.93","5.71","2020-06-22"
"1592859600000","47.69","5.71","2020-06-23"
"1592946000000","46.72","6","2020-06-24"
"1593032400000","47.02","6","2020-06-25"
"1593118800000","47.05","6","2020-06-26"
"1593378000000","48.04","6","2020-06-29"
"1593464400000","47.28","6","2020-06-30"
"1593550800000","47.77","5.83","2020-07-01"
"1593637200000","48.33","5.83","2020-07-02"
"1593723600000","48.3","5.93","2020-07-03"
"1593982800000","48.59","5.93","2020-07-06"
"1594069200000","48.77","5.93","2020-07-07"
"1594155600000","49.36","6.03","2020-07-08"
"1594242000000","49.2","6.03","2020-07-09"
"1594328400000","49.54","6.03","2020-07-10"
"1594587600000","49.22","6.03","2020-07-13"
"1594674000000","49.52","6.03","2020-07-14"
"1594760400000","49.65","6.03","2020-07-15"
"1594846800000","49.37","6.03","2020-07-16"
"1594933200000","49.4","6.03","2020-07-17"
"1595192400000","49.53","6.03","2020-07-20"
"1595278800000","49.74","6.03","2020-07-21"
"1595365200000","49.81","6.03","2020-07-22"
"1595451600000","49.39","6.03","2020-07-23"
"1595538000000","50.03","6.03","2020-07-24"
"1595797200000","50.45","6.03","2020-07-27"
"1595883600000","50.25","6.03","2020-07-28"
"1595970000000","50.45","6.03","2020-07-29"
"1596056400000","49.65","6.03","2020-07-30"
"1596142800000","49.94","6.03","2020-07-31"
"1596402000000","50.88","6.03","2020-08-03"
"1596488400000","50.9","6.03","2020-08-04"
"1596574800000","51.06","6.03","2020-08-05"
"1596661200000","51.03","6.03","2020-08-06"
"1596747600000","50.37","6.03","2020-08-07"
"1597006800000","50.65","6.19","2020-08-10"
"1597093200000","50.43","6.19","2020-08-11"
"1597179600000","50.97","6.19","2020-08-12"
"1597266000000","50.77","6.19","2020-08-13"
"1597352400000","50.65","6.19","2020-08-14"
"1597611600000","51.31","6.19","2020-08-17"
"1597698000000","51.13","6.19","2020-08-18"
"1597784400000","51.32","6.19","2020-08-19"
"1597870800000","51.14","6.19","2020-08-20"
"1597957200000","50.75","6.19","2020-08-21"
"1598216400000","51.34","6.19","2020-08-24"
"1598302800000","51.64","6.19","2020-08-25"
"1598389200000","51.59","6.19","2020-08-26"
"1598475600000","51.08","6.19","2020-08-27"
"1598562000000","51.69","6.19","2020-08-28"
"1598821200000","50.95","6.19","2020-08-31"
"1598907600000","51.32","6.19","2020-09-01"
"1598994000000","50.73","6.19","2020-09-02"
"1599080400000","50.97","6.19","2020-09-03"
"1599166800000","50.44","6.19","2020-09-04"
"1599426000000","50","6.19","2020-09-07"
"1599512400000","48.6","6.19","2020-09-08"
"1599598800000","49.21","5.98","2020-09-09"
"1599685200000","48.92","5.98","2020-09-10"
"1599771600000","48.73","5.8","2020-09-11"
"1600030800000","49.04","5.8","2020-09-14"
"1600117200000","49.62","5.8","2020-09-15"
"1600203600000","49.94","5.8","2020-09-16"
"1600290000000","50.18","5.8","2020-09-17"
"1600376400000","49.98","5.8","2020-09-18"
"1600635600000","48.86","5.8","2020-09-21"
"1600722000000","48.94","6.1","2020-09-22"
"1600808400000","48.88","6.1","2020-09-23"
"1600894800000","49.13","6.1","2020-09-24"
"1600981200000","48.83","5.98","2020-09-25"
"1601240400000","48.82","5.98","2020-09-28"
"1601326800000","47.8","5.98","2020-09-29"
"1601413200000","48.46","5.98","2020-09-30"
"1601499600000","47.85","5.98","2020-10-01"
"1601586000000","46.73","5.98","2020-10-02"
"1601845200000","48.08","5.98","2020-10-05"
"1601931600000","48.7","5.98","2020-10-06"
"1602018000000","48.08","5.98","2020-10-07"
"1602104400000","48.54","5.98","2020-10-08"
"1602190800000","47.98","6.22","2020-10-09"
"1602450000000","47.38","6.22","2020-10-12"
"1602536400000","47.67","6.22","2020-10-13"
"1602622800000","48.06","6.22","2020-10-14"
"1602709200000","48.17","6.22","2020-10-15"
"1602795600000","48.02","6.22","2020-10-16"
"1603054800000","47.96","6.22","2020-10-19"
"1603141200000","48.33","6.22","2020-10-20"
"1603227600000","47.24","6.22","2020-10-21"
"1603314000000","47.62","6.22","2020-10-22"
"1603400400000","47.02","6.22","2020-10-23"
"1603659600000","46.25","6.22","2020-10-26"
"1603746000000","46.81","6.22","2020-10-27"
"1603832400000","45.55","6.22","2020-10-28"
"1603918800000","44.64","6.22","2020-10-29"
"1604005200000","44.98","6.22","2020-10-30"
"1604264400000","46.08","6.22","2020-11-02"
"1604350800000","46.13","6.22","2020-11-03"
"1604437200000","47.06","6.09","2020-11-04"
"1604523600000","46.73","6.09","2020-11-05"
"1604610000000","45.87","6.25","2020-11-06"
"1604869200000","47.44","6.39","2020-11-09"
"1604955600000","47.58","6.39","2020-11-10"
"1605042000000","48","6.39","2020-11-11"
"1605128400000","47.78","6.39","2020-11-12"
"1605214800000","47.11","6.39","2020-11-13"
"1605474000000","47.49","6.39","2020-11-16"
"1605560400000","47.33","6.39","2020-11-17"
"1605646800000","47.51","6.39","2020-11-18"
"1605733200000","47.21","6.39","2020-11-19"
"1605819600000","47.43","6.39","2020-11-20"
"1606078800000","47.74","6.37","2020-11-23"
"1606165200000","48.26","6.37","2020-11-24"
"1606251600000","49.18","6.37","2020-11-25"
"1606338000000","48.78","6.37","2020-11-26"
"1606424400000","49.01","6.37","2020-11-27"
"1606683600000","48.77","6.65","2020-11-30"
"1606770000000","47.81","6.65","2020-12-01"
"1606856400000","47.71","6.65","2020-12-02"
"1606942800000","47.16","6.65","2020-12-03"
"1607029200000","47.83","6.65","2020-12-04"
"1607288400000","47.87","6.65","2020-12-07"
"1607374800000","47.97","6.65","2020-12-08"
"1607461200000","47.82","6.65","2020-12-09"
"1607547600000","48.26","6.65","2020-12-10"
"1607634000000","48.11","6.65","2020-12-11"
"1607893200000","48.63","6.65","2020-12-14"
"1607979600000","49.07","6.65","2020-12-15"
"1608066000000","49.29","6.65","2020-12-16"
"1608152400000","49.87","6.65","2020-12-17"
"1608238800000","50.18","6.65","2020-12-18"
"1608498000000","49.5","6.65","2020-12-21"
"1608584400000","48.98","6.65","2020-12-22"
"1608670800000","49.63","6.65","2020-12-23"
"1608757200000","49.88","6.65","2020-12-24"
"1609102800000","49.39","6.65","2020-12-28"
"1609189200000","49.68","6.65","2020-12-29"
"1609275600000","49.66","6.65","2020-12-30"
"1609362000000","49.53","6.65","2020-12-31"
"1609707600000","49.14","6.68","2021-01-04"
"1609794000000","49.77","6.68","2021-01-05"
"1609880400000","49.37","6.68","2021-01-06"
"1609966800000","49.76","6.68","2021-01-07"
"1610053200000","50.39","6.68","2021-01-08"
"1610312400000","50.61","6.68","2021-01-11"
"1610398800000","51.03","6.68","2021-01-12"
"1610485200000","51.52","6.68","2021-01-13"
"1610571600000","51.67","6.68","2021-01-14"
"1610658000000","51.32","6.68","2021-01-15"
"1610917200000","51.03","6.68","2021-01-18"
"1611003600000","51.39","6.68","2021-01-19"
"1611090000000","51.14","6.68","2021-01-20"
"1611176400000","51.07","6.68","2021-01-21"
"1611262800000","50.65","6.68","2021-01-22"
"1611522000000","50.97","6.68","2021-01-25"
"1611608400000","50.71","6.68","2021-01-26"
"1611694800000","50.95","6.68","2021-01-27"
"1611781200000","50.56","6.68","2021-01-28"
"1611867600000","50.49","6.68","2021-01-29"
"1612126800000","51.2","6.68","2021-02-01"
"1612213200000","51.58","6.68","2021-02-02"
"1612299600000","51.77","6.68","2021-02-03"
"1612386000000","51.96","6.68","2021-02-04"
"1612472400000","52.22","6.68","2021-02-05"
"1612731600000","53.12","6.68","2021-02-08"
"1612818000000","53.41","6.68","2021-02-09"
"1612904400000","53.67","6.75","2021-02-10"
"1612990800000","53.51","6.75","2021-02-11"
"1613077200000","53.9","6.75","2021-02-12"
"1613336400000","54.34","6.75","2021-02-15"
"1613422800000","54.4","6.75","2021-02-16"
"1613509200000","54.63","6.75","2021-02-17"
"1613595600000","54.63","6.75","2021-02-18"
"1613682000000","54.65","6.75","2021-02-19"
"1613941200000","55.78","6.75","2021-02-22"
"1614027600000","55.99","6.75","2021-02-23"
"1614114000000","57.06","6.75","2021-02-24"
"1614200400000","56.95","6.75","2021-02-25"
"1614286800000","55.72","6.75","2021-02-26"
"1614546000000","55.41","6.75","2021-03-01"
"1614632400000","55.56","6.75","2021-03-02"
"1614718800000","56.33","6.75","2021-03-03"
"1614805200000","57.14","6.75","2021-03-04"
"1614891600000","58.42","6.75","2021-03-05"
"1615150800000","58.02","6.75","2021-03-08"
"1615237200000","57.78","6.75","2021-03-09"
"1615323600000","57.63","6.75","2021-03-10"
"1615410000000","58.31","6.75","2021-03-11"
"1615496400000","58.22","6.75","2021-03-12"
"1615755600000","58.1","6.75","2021-03-15"
"1615842000000","58.08","6.75","2021-03-16"
"1615928400000","58.42","6.75","2021-03-17"
"1616014800000","56.73","6.75","2021-03-18"
"1616101200000","56.93","6.52","2021-03-19"
"1616360400000","57.13","6.52","2021-03-22"
"1616446800000","55.83","6.52","2021-03-23"
"1616533200000","57.12","6.52","2021-03-24"
"1616619600000","55.5","6.52","2021-03-25"
"1616706000000","56.82","6.52","2021-03-26"
"1616965200000","56.78","6.52","2021-03-29"
"1617051600000","56.33","6.52","2021-03-30"
"1617138000000","55.67","6.52","2021-03-31"
"1617224400000","57.91","6.52","2021-04-01"
"1617570000000","57.12","6.52","2021-04-05"
"1617656400000","57.74","6.52","2021-04-06"
"1617742800000","57.8","6.52","2021-04-07"
"1617829200000","57.01","6.52","2021-04-08"
"1617915600000","57.12","6.52","2021-04-09"
"1618174800000","57.58","6.52","2021-04-12"
"1618261200000","57.95","6.52","2021-04-13"
"1618347600000","59.23","6.52","2021-04-14"
"1618434000000","58.92","6.52","2021-04-15"
"1618520400000","58.7","6.52","2021-04-16"
"1618779600000","58.71","6.52","2021-04-19"
"1618866000000","58.14","6.52","2021-04-20"
"1618952400000","57.64","6.52","2021-04-21"
"1619038800000","58.13","6.52","2021-04-22"
"1619125200000","58.66","6.52","2021-04-23"
"1619384400000","58.77","6.52","2021-04-26"
"1619470800000","59.4","6.52","2021-04-27"
"1619557200000","59.78","6.52","2021-04-28"
"1619643600000","60.28","6.52","2021-04-29"
"1619730000000","59.28","6.52","2021-04-30"
"1619989200000","59.84","6.52","2021-05-03"
"1620075600000","60.7","6.52","2021-05-04"
"1620162000000","60.91","6.52","2021-05-05"
"1620248400000","60.86","6.52","2021-05-06"
"1620334800000","61.24","6.52","2021-05-07"
"1620594000000","61.47","6.52","2021-05-10"
"1620680400000","61.92","6.52","2021-05-11"
"1620766800000","62.47","6.52","2021-05-12"
"1620853200000","60.64","6.52","2021-05-13"
"1620939600000","61.18","6.52","2021-05-14"
"1621198800000","61.28","6.52","2021-05-17"
"1621285200000","61.14","6.52","2021-05-18"
"1621371600000","59.8","6.52","2021-05-19"
"1621458000000","59.26","6.52","2021-05-20"
"1621544400000","60.06","7.32","2021-05-21"
"1621803600000","61.26","7.32","2021-05-24"
"1621890000000","61.21","7.32","2021-05-25"
"1621976400000","61.33","7.32","2021-05-26"
"1622062800000","61.45","7.32","2021-05-27"
"1622149200000","61.07","7.32","2021-05-28"
"1622408400000","61.45","7.3","2021-05-31"
"1622494800000","61.99","7.3","2021-06-01"
"1622581200000","62.43","7.3","2021-06-02"
"1622667600000","62.39","7.3","2021-06-03"
"1622754000000","62.8","7.3","2021-06-04"
"1623013200000","62.93","7.3","2021-06-07"
"1623099600000","63.37","7.3","2021-06-08"
"1623186000000","63.32","7.3","2021-06-09"
"1623272400000","63.36","7.3","2021-06-10"
"1623358800000","63.37","7.3","2021-06-11"
"1623618000000","63.29","7.3","2021-06-14"
"1623704400000","63.65","7.3","2021-06-15"
"1623790800000","63.83","7.3","2021-06-16"
"1623877200000","62.74","7.3","2021-06-17"
"1623963600000","63.07","7.3","2021-06-18"
"1624222800000","63.78","7.3","2021-06-21"
"1624309200000","64.08","7.3","2021-06-22"
"1624395600000","64.44","7.3","2021-06-23"
"1624482000000","64.67","7.3","2021-06-24"
"1624568400000","64.89","7.32","2021-06-25"
"1624827600000","64.22","7.32","2021-06-28"
"1624914000000","64.31","7.32","2021-06-29"
"1625000400000","64.15","7.32","2021-06-30"
"1625086800000","64.74","7.32","2021-07-01"
"1625173200000","65.05","7.32","2021-07-02"
"1625432400000","65.24","7.32","2021-07-05"
"1625518800000","63.4","7.32","2021-07-06"
"1625605200000","62.62","7.32","2021-07-07"
"1625691600000","62.97","7.32","2021-07-08"
"1625778000000","64.04","7.32","2021-07-09"
"1626037200000","64.15","7.32","2021-07-12"
"1626123600000","65.3","7.32","2021-07-13"
"1626210000000","64.23","7.32","2021-07-14"
"1626296400000","63.83","7.32","2021-07-15"
"1626382800000","64.35","7.32","2021-07-16"
"1626642000000","60.89","7.32","2021-07-19"
"1626728400000","61.03","7.32","2021-07-20"
"1626814800000","63.01","7.32","2021-07-21"
"1626901200000","63.51","7.32","2021-07-22"
"1626987600000","63.48","7.32","2021-07-23"
"1627246800000","63.46","7.32","2021-07-26"
"1627333200000","63.45","7.32","2021-07-27"
"1627419600000","64.05","7.32","2021-07-28"
"1627506000000","65","7.32","2021-07-29"
"1627592400000","65.01","7.32","2021-07-30"
"1627851600000","63.41","7.32","2021-08-02"
"1627938000000","63.44","7.32","2021-08-03"
"1628024400000","62.58","7.37","2021-08-04"
"1628110800000","63.37","7.37","2021-08-05"
"1628197200000","63.42","7.37","2021-08-06"
"1628456400000","62.34","7.37","2021-08-09"
"1628542800000","63.31","7.37","2021-08-10"
"1628629200000","63.96","7.34","2021-08-11"
"1628715600000","63.9","7.34","2021-08-12"
"1628802000000","63.54","7.34","2021-08-13"
"1629061200000","62.98","7.34","2021-08-16"
"1629147600000","62.26","7.34","2021-08-17"
"1629234000000","61.74","7.34","2021-08-18"
"1629320400000","60.55","7.34","2021-08-19"
"1629406800000","59.42","7.34","2021-08-20"
"1629666000000","61.84","7.34","2021-08-23"
"1629752400000","63.04","7.34","2021-08-24"
"1629838800000","63.43","7.34","2021-08-25"
"1629925200000","62.84","7.34","2021-08-26"
"1630011600000","63.81","7.34","2021-08-27"
"1630270800000","63.79","7.34","2021-08-30"
"1630357200000","63.52","7.34","2021-08-31"
"1630443600000","63.71","7.34","2021-09-01"
"1630530000000","64.47","7.34","2021-09-02"
"1630616400000","64.32","7.34","2021-09-03"
"1630875600000","64.39","7.34","2021-09-06"
"1630962000000","64.12","7.34","2021-09-07"
"1631048400000","64.17","7.34","2021-09-08"
"1631134800000","63.55","7.34","2021-09-09"
"1631221200000","64.6","7.34","2021-09-10"
"1631480400000","64.91","7.34","2021-09-13"
"1631566800000","64.86","7.34","2021-09-14"
"1631653200000","65.53","7.34","2021-09-15"
"1631739600000","65.58","7.34","2021-09-16"
"1631826000000","65.04","7.37","2021-09-17"
"1632085200000","63.96","7.37","2021-09-20"
"1632171600000","64.45","7.37","2021-09-21"
"1632258000000","65.19","7.37","2021-09-22"
"1632344400000","65.92","7.37","2021-09-23"
"1632430800000","66.26","7.37","2021-09-24"
"1632690000000","67.66","7.37","2021-09-27"
"1632776400000","67.53","7.37","2021-09-28"
"1632862800000","67.73","7.37","2021-09-29"
"1632949200000","67.48","7.37","2021-09-30"
"1633035600000","68.5","7.37","2021-10-01"
"1633294800000","69.52","7.37","2021-10-04"
"1633381200000","70.29","7.37","2021-10-05"
"1633467600000","68.92","7.37","2021-10-06"
"1633554000000","69.57","7.37","2021-10-07"
"1633640400000","69.85","7.37","2021-10-08"
"1633899600000","70.92","7.6","2021-10-11"
"1633986000000","71.21","7.6","2021-10-12"
"1634072400000","71.35","7.6","2021-10-13"
"1634158800000","71.66","7.6","2021-10-14"
"1634245200000","71.64","7.6","2021-10-15"
"1634504400000","71.29","8.01","2021-10-18"
"1634590800000","71.41","8.01","2021-10-19"
"1634677200000","72.3","8.24","2021-10-20"
"1634763600000","71.32","8.24","2021-10-21"
"1634850000000","71.32","8.26","2021-10-22"
"1635109200000","72.09","8.26","2021-10-25"
"1635195600000","72.1","8.26","2021-10-26"
"1635282000000","71.18","8.26","2021-10-27"
"1635368400000","70.9","8.26","2021-10-28"
"1635454800000","70.4","8.26","2021-10-29"
"1635714000000","70.76","8.26","2021-11-01"
"1635800400000","70.88","8.26","2021-11-02"
"1635886800000","69.74","8.26","2021-11-03"
"1635973200000","70.34","8.26","2021-11-04"
"1636059600000","71.86","8.26","2021-11-05"
"1636318800000","72.38","8.26","2021-11-08"
"1636405200000","72.68","8.26","2021-11-09"
"1636491600000","71.46","8.26","2021-11-10"
"1636578000000","71.97","8.26","2021-11-11"
"1636664400000","71.42","8.26","2021-11-12"
"1636923600000","71.55","8.26","2021-11-15"
"1637010000000","71.78","8.26","2021-11-16"
"1637096400000","70.78","8.26","2021-11-17"
"1637182800000","71.34","8.26","2021-11-18"
"1637269200000","69.73","8.26","2021-11-19"
"1637528400000","70.5","8.26","2021-11-22"
"1637614800000","72.07","8.76","2021-11-23"
"1637701200000","71.88","8.76","2021-11-24"
"1637787600000","72.28","8.76","2021-11-25"
"1637874000000","65.63","9.85","2021-11-26"
"1638133200000","67.26","9.85","2021-11-29"
"1638219600000","64.05","9.85","2021-11-30"
"1638306000000","64.21","9.85","2021-12-01"
"1638392400000","64.93","9.41","2021-12-02"
"1638478800000","65.47","9.41","2021-12-03"
"1638738000000","67.59","9.41","2021-12-06"
"1638824400000","69.59","9.41","2021-12-07"
"1638910800000","70.28","9.41","2021-12-08"
"1638997200000","69.31","10.06","2021-12-09"
"1639083600000","69.52","10.38","2021-12-10"
"1639342800000","69.23","10.41","2021-12-13"
"1639429200000","68.85","10.41","2021-12-14"
"1639515600000","68.44","10.41","2021-12-15"
"1639602000000","68.72","10.41","2021-12-16"
"1639688400000","67.45","10.41","2021-12-17"
"1639947600000","66.27","10.41","2021-12-20"
"1640034000000","67.99","11.55","2021-12-21"
"1640120400000","68.11","11.55","2021-12-22"
"1640206800000","69.03","11.55","2021-12-23"
"1640293200000","67.94","11.55","2021-12-24"
"1640552400000","70.34","11.55","2021-12-27"
"1640638800000","70.52","11.5","2021-12-28"
"1640725200000","71.11","11.5","2021-12-29"
"1640811600000","71.35","11.5","2021-12-30"
"1640898000000","69.92","11.5","2021-12-31"
"1641157200000","71.08","11.5","2022-01-03"
"1641243600000","71.98","12.81","2022-01-04"
"1641330000000","71.9","12.81","2022-01-05"
"1641416400000","72.37","12.84","2022-01-06"
"1641502800000","72.28","12.84","2022-01-07"
"1641762000000","71.76","12.84","2022-01-10"
"1641848400000","73.41","13.78","2022-01-11"
"1641934800000","73.69","13.78","2022-01-12"
"1642021200000","73.56","13.78","2022-01-13"
"1642107600000","74.47","13.78","2022-01-14"
"1642366800000","74.81","13.78","2022-01-17"
"1642453200000","75.52","13.78","2022-01-18"
"1642539600000","75.88","13.78","2022-01-19"
"1642626000000","76.37","14.3","2022-01-20"
"1642712400000","76.12","14.36","2022-01-21"
"1642971600000","75.18","14.36","2022-01-24"
"1643058000000","76.25","14.36","2022-01-25"
"1643144400000","76.88","14.36","2022-01-26"
"1643230800000","76.29","14.36","2022-01-27"
"1643317200000","76.13","14.36","2022-01-28"
"1643576400000","76.53","14.36","2022-01-31"
"1643662800000","76.56","14.36","2022-02-01"
"1643749200000","76.97","14.36","2022-02-02"
"1643835600000","78.05","14.68","2022-02-03"
"1643922000000","78.85","14.68","2022-02-04"
"1644181200000","79.18","14.68","2022-02-07"
"1644267600000","78.22","14.68","2022-02-08"
"1644354000000","79.34","15.48","2022-02-09"
"1644440400000","79.37","15.48","2022-02-10"
"1644526800000","80.41","15.51","2022-02-11"
"1644786000000","80.92","15.51","2022-02-14"
"1644872400000","78.61","15.51","2022-02-15"
"1644958800000","79.36","15.51","2022-02-16"
"1645045200000","78.84","15.51","2022-02-17"
"1645131600000","79.4","15.51","2022-02-18"
"1645390800000","80.53","15.59","2022-02-21"
"1645477200000","80.72","15.59","2022-02-22"
"1645563600000","81.56","15.59","2022-02-23"
"1645650000000","80.7","15.56","2022-02-24"
"1645736400000","79.72","15.56","2022-02-25"
"1645995600000","80.41","17.07","2022-02-28"
"1646082000000","82.06","17.07","2022-03-01"
"1646168400000","85.61","16.14","2022-03-02"
"1646254800000","86.22","16.14","2022-03-03"
"1646341200000","91.92","17.65","2022-03-04"
"1646600400000","93.02","18.98","2022-03-07"
"1646686800000","91.96","19.86","2022-03-08"
"1646773200000","83.67","21.3","2022-03-09"
"1646859600000","84.46","22.89","2022-03-10"
"1646946000000","87.51","22.92","2022-03-11"
"1647205200000","84.38","22.92","2022-03-14"
"1647291600000","83.21","22.96","2022-03-15"
"1647378000000","81.52","20.58","2022-03-16"
"1647464400000","85.74","19.79","2022-03-17"
"1647550800000","86.49","18.78","2022-03-18"
"1647810000000","89.11","18.78","2022-03-21"
"1647896400000","88.66","20.74","2022-03-22"
"1647982800000","90.51","20.74","2022-03-23"
"1648069200000","88.52","22.33","2022-03-24"
"1648155600000","89.81","22.33","2022-03-25"
"1648414800000","86.38","23.7","2022-03-28"
"1648501200000","86.34","23.7","2022-03-29"
"1648587600000","88.6","23.7","2022-03-30"
"1648674000000","87.95","22.15","2022-03-31"
"1648760400000","90.03","21.27","2022-04-01"
"1649019600000","92.07","21.27","2022-04-04"
"1649106000000","91.29","21.33","2022-04-05"
"1649192400000","89.14","21.33","2022-04-06"
"1649278800000","89.82","21.33","2022-04-07"
"1649365200000","90.77","21.33","2022-04-08"
"1649624400000","89.3","21.33","2022-04-11"
"1649710800000","91.65","21.33","2022-04-12"
"1649797200000","93.36","20.29","2022-04-13"
"1649883600000","93.51","20.29","2022-04-14"
"1650229200000","93.3","22.09","2022-04-18"
"1650315600000","89.56","22.09","2022-04-19"
"1650402000000","90.11","22.09","2022-04-20"
"1650488400000","91.46","22.09","2022-04-21"
"1650574800000","89.39","22.09","2022-04-22"
"1650834000000","87.53","22.11","2022-04-25"
"1650920400000","88.29","22.11","2022-04-26"
"1651006800000","88.2","22.11","2022-04-27"
"1651093200000","88.38","22.11","2022-04-28"
"1651179600000","87.59","22.11","2022-04-29"
"1651438800000","88.26","22.11","2022-05-02"
"1651525200000","87.65","22.11","2022-05-03"
"1651611600000","90.56","22.11","2022-05-04"
"1651698000000","90.71","22.11","2022-05-05"
"1651784400000","91.59","22.11","2022-05-06"
"1652043600000","88.08","22.11","2022-05-09"
"1652130000000","86.7","22.11","2022-05-10"
"1652216400000","90.53","22.11","2022-05-11"
"1652302800000","89.99","22.11","2022-05-12"
"1652389200000","91.43","22.11","2022-05-13"
"1652648400000","91.85","22.14","2022-05-16"
"1652734800000","90.95","22.14","2022-05-17"
"1652821200000","88.99","22.14","2022-05-18"
"1652907600000","90.63","22.14","2022-05-19"
"1652994000000","90.24","22.14","2022-05-20"
"1653253200000","91.18","22.14","2022-05-23"
"1653339600000","91.57","22.14","2022-05-24"
"1653426000000","92.1","22.14","2022-05-25"
"1653512400000","93.32","22.14","2022-05-26"
"1653598800000","93.78","22.14","2022-05-27"
"1653858000000","94.38","23.52","2022-05-30"
"1653944400000","93.11","24.49","2022-05-31"
"1654030800000","93.87","24.51","2022-06-01"
"1654117200000","95.2","24.51","2022-06-02"
"1654203600000","96.2","25.99","2022-06-03"
"1654462800000","96.14","25.99","2022-06-06"
"1654549200000","98.01","25.99","2022-06-07"
"1654635600000","99.88","25.99","2022-06-08"
"1654722000000","100.26","27.92","2022-06-09"
"1654808400000","99.13","27.92","2022-06-10"
"1655067600000","99.5","27.94","2022-06-13"
"1655154000000","98.16","27.94","2022-06-14"
"1655240400000","97","27.94","2022-06-15"
"1655326800000","98.09","27.94","2022-06-16"
"1655413200000","93.84","29.2","2022-06-17"
"1655672400000","94.56","30.04","2022-06-20"
"1655758800000","94.19","30.04","2022-06-21"
"1655845200000","92.26","30.04","2022-06-22"
"1655931600000","89.12","30.04","2022-06-23"
"1656018000000","90.94","30.04","2022-06-24"
"1656277200000","92.35","30.04","2022-06-27"
"1656363600000","94.87","30.04","2022-06-28"
"1656450000000","93.44","30.04","2022-06-29"
"1656536400000","90.06","27.54","2022-06-30"
"1656622800000","90.74","26.7","2022-07-01"
"1656882000000","92.04","26.7","2022-07-04"
"1656968400000","83.73","26.7","2022-07-05"
"1657054800000","83.3","26.74","2022-07-06"
"1657141200000","85.84","26.74","2022-07-07"
"1657227600000","87.76","26.74","2022-07-08"
"1657486800000","88.98","24.65","2022-07-11"
"1657573200000","84.16","25.5","2022-07-12"
"1657659600000","84.75","25.5","2022-07-13"
"1657746000000","83.23","25.5","2022-07-14"
"1657832400000","84.39","25.5","2022-07-15"
"1658091600000","87.73","25.5","2022-07-18"
"1658178000000","88.14","25.5","2022-07-19"
"1658264400000","88.21","25.5","2022-07-20"
"1658350800000","86.67","25.5","2022-07-21"
"1658437200000","85.85","25.5","2022-07-22"
"1658696400000","87.65","25.5","2022-07-25"
"1658782800000","87.51","25.5","2022-07-26"
"1658869200000","89.61","24.58","2022-07-27"
"1658955600000","89.12","24.58","2022-07-28"
"1659042000000","90.67","24.6","2022-07-29"
"1659301200000","88.54","24.6","2022-08-01"
"1659387600000","89.75","24.6","2022-08-02"
"1659474000000","87.76","24.6","2022-08-03"
"1659560400000","85.11","24.6","2022-08-04"
"1659646800000","85.38","24.6","2022-08-05"
"1659906000000","87.46","23.45","2022-08-08"
"1659992400000","87.18","23.45","2022-08-09"
"1660078800000","88.69","23.47","2022-08-10"
"1660165200000","89.89","22.47","2022-08-11"
"1660251600000","88.86","23.28","2022-08-12"
"1660510800000","87.32","23.28","2022-08-15"
"1660597200000","85.84","23.28","2022-08-16"
"1660683600000","86.55","23.28","2022-08-17"
"1660770000000","87.6","23.28","2022-08-18"
"1660856400000","88.15","24.05","2022-08-19"
"1661115600000","88.01","25.13","2022-08-22"
"1661202000000","89.92","25.13","2022-08-23"
"1661288400000","90.14","25.13","2022-08-24"
"1661374800000","88.38","25.13","2022-08-25"
"1661461200000","88.12","26.08","2022-08-26"
"1661720400000","89.93","26.95","2022-08-29"
"1661806800000","87.03","26.98","2022-08-30"
"1661893200000","86.07","26.98","2022-08-31"
"1661979600000","83.75","26.98","2022-09-01"
"1662066000000","83.81","26.98","2022-09-02"
"1662325200000","84.96","26.98","2022-09-05"
"1662411600000","84.03","24.55","2022-09-06"
"1662498000000","80.37","25.29","2022-09-07"
"1662584400000","80.85","26.06","2022-09-08"
"1662670800000","83.58","24.92","2022-09-09"
"1662930000000","84.72","24.92","2022-09-12"
"1663016400000","84.06","24.92","2022-09-13"
"1663102800000","84.47","24.92","2022-09-14"
"1663189200000","81.23","24.92","2022-09-15"
"1663275600000","81.24","24.92","2022-09-16"
"1663534800000","81.59","24.92","2022-09-19"
"1663621200000","80.22","24.92","2022-09-20"
"1663707600000","79.68","23.16","2022-09-21"
"1663794000000","80.4","23.16","2022-09-22"
"1663880400000","76.87","23.16","2022-09-23"
"1664139600000","74.98","23.16","2022-09-26"
"1664226000000","75.83","23.16","2022-09-27"
"1664312400000","78.17","23.19","2022-09-28"
"1664398800000","77.27","23.22","2022-09-29"
"1664485200000","75.67","23.22","2022-09-30"
"1664744400000","78.15","23.24","2022-10-03"
"1664830800000","80.54","23.24","2022-10-04"
"1664917200000","82.42","23.24","2022-10-05"
"1665003600000","83.49","24.34","2022-10-06"
"1665090000000","85.64","25.72","2022-10-07"
"1665349200000","84.43","27.25","2022-10-10"
"1665435600000","82.62","27.25","2022-10-11"
"1665522000000","81.29","28.63","2022-10-12"
"1665608400000","82.97","28.63","2022-10-13"
"1665694800000","80.86","26.5","2022-10-14"
"1665954000000","81.27","26.53","2022-10-17"
"1666040400000","80.81","27.52","2022-10-18"
"1666126800000","81.86","27.52","2022-10-19"
"1666213200000","81.28","27.52","2022-10-20"
"1666299600000","81.73","27.52","2022-10-21"
"1666558800000","81.89","26.48","2022-10-24"
"1666645200000","82.78","26.48","2022-10-25"
"1666731600000","84.27","26.48","2022-10-26"
"1666818000000","85.08","26.48","2022-10-27"
"1666904400000","83.81","26.48","2022-10-28"
"1667163600000","83.26","26.48","2022-10-31"
"1667250000000","84.45","26.48","2022-11-01"
"1667336400000","86.15","26.51","2022-11-02"
"1667422800000","85.01","26.51","2022-11-03"
"1667509200000","88.03","26.51","2022-11-04"
"1667768400000","87.76","26.51","2022-11-07"
"1667854800000","86.06","26.51","2022-11-08"
"1667941200000","83.7","26.49","2022-11-09"
"1668027600000","84.08","26.49","2022-11-10"
"1668114000000","86","26.49","2022-11-11"
"1668373200000","84.51","26.49","2022-11-14"
"1668459600000","85.92","26.49","2022-11-15"
"1668546000000","84.58","24.93","2022-11-16"
"1668632400000","82.88","24.93","2022-11-17"
"1668718800000","82.18","24.93","2022-11-18"
"1668978000000","82.77","24.93","2022-11-21"
"1669064400000","83.09","24.93","2022-11-22"
"1669150800000","81.87","24.96","2022-11-23"
"1669237200000","82.21","24.96","2022-11-24"
"1669323600000","80.84","24.01","2022-11-25"
"1669582800000","81.28","24.01","2022-11-28"
"1669669200000","81.9","24.01","2022-11-29"
"1669755600000","84.42","23.19","2022-11-30"
"1669842000000","84.18","22.64","2022-12-01"
"1669928400000","83.57","22.64","2022-12-02"
"1670187600000","81.43","23.8","2022-12-05"
"1670274000000","78.92","23.8","2022-12-06"
"1670360400000","77.17","23.13","2022-12-07"
"1670446800000","76.35","23.13","2022-12-08"
"1670533200000","76.35","21.24","2022-12-09"
"1670792400000","77.73","21.29","2022-12-12"
"1670878800000","79.29","21.29","2022-12-13"
"1670965200000","80.62","21.29","2022-12-14"
"1671051600000","78.97","21.29","2022-12-15"
"1671138000000","77.72","21.29","2022-12-16"
"1671397200000","77.95","21.29","2022-12-19"
"1671483600000","78.59","22.99","2022-12-20"
"1671570000000","80.03","22.25","2022-12-21"
"1671656400000","79.11","22.25","2022-12-22"
"1671742800000","81.81","22.25","2022-12-23"
"1672088400000","82.08","22.27","2022-12-27"
"1672174800000","81.47","22.27","2022-12-28"
"1672261200000","80.62","22.3","2022-12-29"
"1672347600000","82.57","22.3","2022-12-30"
"1672606800000","82.57","22.3","2023-01-02"
"1672693200000","79.88","22.31","2023-01-03"
"1672779600000","76.8","22.32","2023-01-04"
"1672866000000","77.53","22.32","2023-01-05"
"1672952400000","77.58","22.32","2023-01-06"
"1673211600000","78.76","22.35","2023-01-09"
"1673298000000","78.88","22.35","2023-01-10"
"1673384400000","80.9","22.34","2023-01-11"
"1673470800000","81.99","22.34","2023-01-12"
"1673557200000","83.17","22.34","2023-01-13"
"1673816400000","82.34","22.34","2023-01-16"
"1673902800000","83.49","22.37","2023-01-17"
"1673989200000","83.03","22.37","2023-01-18"
"1674075600000","83.92","23.42","2023-01-19"
"1674162000000","85.05","23.42","2023-01-20"
"1674421200000","85.6","23.45","2023-01-23"
"1674507600000","84.05","23.45","2023-01-24"
"1674594000000","83.83","23.49","2023-01-25"
"1674680400000","84.54","23.49","2023-01-26"
"1674766800000","83.31","24.31","2023-01-27"
"1675026000000","81.65","23.7","2023-01-30"
"1675112400000","82.81","23.73","2023-01-31"
"1675198800000","80.45","23.73","2023-02-01"
"1675285200000","80.15","23.73","2023-02-02"
"1675371600000","77.8","22.73","2023-02-03"
"1675630800000","78.75","22.13","2023-02-06"
"1675717200000","81.06","21.45","2023-02-07"
"1675803600000","82.19","21.45","2023-02-08"
"1675890000000","81.54","20.29","2023-02-09"
"1675976400000","83.2","20.29","2023-02-10"
"1676235600000","83.54","20.29","2023-02-13"
"1676322000000","82.87","20.29","2023-02-14"
"1676408400000","82.6","21.56","2023-02-15"
"1676494800000","82.43","21.56","2023-02-16"
"1676581200000","80.53","21.56","2023-02-17"
"1676840400000","81.61","21.59","2023-02-20"
"1676926800000","80.67","21.59","2023-02-21"
"1677013200000","78.77","21.59","2023-02-22"
"1677099600000","79.95","21.63","2023-02-23"
"1677186000000","80.62","21.63","2023-02-24"
"1677445200000","79.81","21","2023-02-27"
"1677531600000","80.89","21","2023-02-28"
"1677618000000","81.69","21","2023-03-01"
"1677704400000","82.1","21.05","2023-03-02"
"1677790800000","83.31","21.05","2023-03-03"
"1678050000000","83.73","21.95","2023-03-06"
"1678136400000","81.19","21.95","2023-03-07"
"1678222800000","80.58","21.95","2023-03-08"
"1678309200000","79.49","21.95","2023-03-09"
"1678395600000","80.47","22.01","2023-03-10"
"1678654800000","78.74","22.01","2023-03-13"
"1678741200000","75.75","22.01","2023-03-14"
"1678827600000","72.31","22.01","2023-03-15"
"1678914000000","73.29","21.34","2023-03-16"
"1679000400000","72.03","21.34","2023-03-17"
"1679259600000","72.88","20.01","2023-03-20"
"1679346000000","74.11","20.01","2023-03-21"
"1679432400000","75.36","20.89","2023-03-22"
"1679518800000","74.61","20.89","2023-03-23"
"1679605200000","73.81","20.89","2023-03-24"
"1679864400000","76.87","20.89","2023-03-27"
"1679950800000","77.07","20.92","2023-03-28"
"1680037200000","76.57","20.92","2023-03-29"
"1680123600000","77.51","20.92","2023-03-30"
"1680210000000","78.71","20.92","2023-03-31"
"1680469200000","82.69","20.86","2023-04-03"
"1680555600000","82.69","20.86","2023-04-04"
"1680642000000","82.77","20.85","2023-04-05"
"1680728400000","82.73","20.85","2023-04-06"
"1681074000000","82","20.85","2023-04-10"
"1681160400000","83.27","20.85","2023-04-11"
"1681246800000","84.65","21.53","2023-04-12"
"1681333200000","83.84","21.5","2023-04-13"
"1681419600000","84.06","21.5","2023-04-14"
"1681678800000","82.82","21.5","2023-04-17"
"1681765200000","82.87","21.5","2023-04-18"
"1681851600000","81.34","21.5","2023-04-19"
"1681938000000","79.46","21.5","2023-04-20"
"1682024400000","80.24","21.5","2023-04-21"
"1682283600000","81.28","20.59","2023-04-24"
"1682370000000","79.32","20.59","2023-04-25"
"1682456400000","76.79","20.11","2023-04-26"
"1682542800000","77.06","20.13","2023-04-27"
"1682629200000","78.98","20.13","2023-04-28"
"1682888400000","78.01","20.13","2023-05-01"
"1682974800000","74.29","20.13","2023-05-02"
"1683061200000","71.65","20.13","2023-05-03"
"1683147600000","71.71","20.13","2023-05-04"
"1683234000000","74.38","18.83","2023-05-05"
"1683493200000","76.08","18.34","2023-05-08"
"1683579600000","76.59","18.34","2023-05-09"
"1683666000000","75.65","19.01","2023-05-10"
"1683752400000","74.08","19.01","2023-05-11"
"1683838800000","73.18","19.01","2023-05-12"
"1684098000000","74.32","19.01","2023-05-15"
"1684184400000","74.03","19.01","2023-05-16"
"1684270800000","76.15","19.01","2023-05-17"
"1684357200000","75.28","19.01","2023-05-18"
"1684443600000","74.85","19.01","2023-05-19"
"1684702800000","75.2","19.77","2023-05-22"
"1684789200000","76.08","19.77","2023-05-23"
"1684875600000","77.52","19.77","2023-05-24"
"1684962000000","75.51","19.78","2023-05-25"
"1685048400000","76.39","19.78","2023-05-26"
"1685307600000","76.5","19.78","2023-05-29"
"1685394000000","73.23","19.78","2023-05-30"
"1685480400000","72.2","19.78","2023-05-31"
"1685566800000","73.92","19.78","2023-06-01"
"1685653200000","75.63","19.78","2023-06-02"
"1685912400000","76.07","19.78","2023-06-05"
"1685998800000","75.71","19.78","2023-06-06"
"1686085200000","76.49","19.78","2023-06-07"
"1686171600000","75.5","21.14","2023-06-08"
"1686258000000","74.49","21.14","2023-06-09"
"1686517200000","71.63","22.51","2023-06-12"
"1686603600000","74.01","22.51","2023-06-13"
"1686690000000","72.96","22.66","2023-06-14"
"1686776400000","75.46","22.66","2023-06-15"
"1686862800000","76.36","22.66","2023-06-16"
"1687122000000","75.82","22.67","2023-06-19"
"1687208400000","75.63","22.67","2023-06-20"
"1687294800000","76.89","24.31","2023-06-21"
"1687381200000","74.24","24.31","2023-06-22"
"1687467600000","73.94","24.36","2023-06-23"
"1687726800000","74.29","24.36","2023-06-26"
"1687813200000","72.61","24.36","2023-06-27"
"1687899600000","74.3","24.4","2023-06-28"
"1687986000000","74.48","24.4","2023-06-29"
"1688072400000","75.3","24.4","2023-06-30"
"1688331600000","74.47","24.4","2023-07-03"
"1688418000000","76.05","24.4","2023-07-04"
"1688504400000","76.41","24.4","2023-07-05"
"1688590800000","76.22","24.4","2023-07-06"
"1688677200000","78.08","25.27","2023-07-07"
"1688936400000","77.4","25.37","2023-07-10"
"1689022800000","79.07","25.8","2023-07-11"
"1689109200000","79.79","25.8","2023-07-12"
"1689195600000","80.99","26.87","2023-07-13"
"1689282000000","79.6","26.87","2023-07-14"
"1689541200000","78.38","26.93","2023-07-17"
"1689627600000","79.5","26.93","2023-07-18"
"1689714000000","79.35","32.93","2023-07-19"
"1689800400000","79.52","32.94","2023-07-20"
"1689886800000","80.88","32.94","2023-07-21"
"1690146000000","82.48","34.49","2023-07-24"
"1690232400000","83.25","34.49","2023-07-25"
"1690318800000","82.56","34.49","2023-07-26"
"1690405200000","83.79","34.49","2023-07-27"
"1690491600000","84.41","34.49","2023-07-28"
"1690750800000","85.43","35.92","2023-07-31"
"1690837200000","84.91","35.92","2023-08-01"
"1690923600000","83.2","36.99","2023-08-02"
"1691010000000","85.14","36.99","2023-08-03"
"1691096400000","86.24","37.03","2023-08-04"
"1691355600000","85.34","37.08","2023-08-07"
"1691442000000","86.17","37.08","2023-08-08"
"1691528400000","87.55","37.08","2023-08-09"
"1691614800000","86.4","37.1","2023-08-10"
"1691701200000","86.81","37.1","2023-08-11"
"1691960400000","86.21","38.9","2023-08-14"
"1692046800000","84.89","38.9","2023-08-15"
"1692133200000","83.45","38.9","2023-08-16"
"1692219600000","84.12","38.9","2023-08-17"
"1692306000000","84.8","38.97","2023-08-18"
"1692565200000","84.46","37.45","2023-08-21"
"1692651600000","84.03","37.45","2023-08-22"
"1692738000000","83.21","38.44","2023-08-23"
"1692824400000","83.36","38.5","2023-08-24"
"1692910800000","84.52","38.5","2023-08-25"
